day_after_planting,date,n_kg,p2o5_kg,k2o_kg,mn_mixture_kg,urea_kg,map_kg,dap_kg,white_potash_kg,location_id,plot_id,treatment_id
1,2026-01-05 00:00:00,10.33137,26.450000000000003,,4.6,,,57.3965,,L003,P034,T1
10,2026-01-15 00:00:00,,,,,,,,,L003,P034,T1
20,2026-01-25 00:00:00,,,,,,,,,L003,P034,T1
30,2026-02-04 00:00:00,,,,,,,,,L003,P034,T1
40,2026-02-14 00:00:00,4.4,4.408333333333334,1.38,,7.6653948000000005,7.229666666666668,,2.3045999999999998,L003,P034,T1
50,2026-02-24 00:00:00,4.4,4.408333333333334,1.38,,7.6653948000000005,7.229666666666668,,2.3045999999999998,L003,P034,T1
60,2026-03-06 00:00:00,4.4,4.408333333333334,1.38,,7.6653948000000005,7.229666666666668,,2.3045999999999998,L003,P034,T1
70,2026-03-16 00:00:00,4.4,4.408333333333334,1.38,,7.6653948000000005,7.229666666666668,,2.3045999999999998,L003,P034,T1
80,2026-03-26 00:00:00,4.4,4.408333333333334,1.38,,7.6653948000000005,7.229666666666668,,2.3045999999999998,L003,P034,T1
90,2026-04-05 00:00:00,4.4,4.408333333333334,1.38,,7.6653948000000005,7.229666666666668,,2.3045999999999998,L003,P034,T1
100,2026-04-15 00:00:00,7.053333333333335,,3.22,,15.305733333333336,,,5.3774,L003,P034,T1
110,2026-04-25 00:00:00,7.053333333333335,,3.22,,15.305733333333336,,,5.3774,L003,P034,T1
120,2026-05-05 00:00:00,7.053333333333335,,3.22,4.6,15.305733333333336,,,5.3774,L003,P034,T1
130,2026-05-15 00:00:00,7.053333333333335,,3.22,,15.305733333333336,,,5.3774,L003,P034,T1
140,2026-05-25 00:00:00,7.053333333333335,,3.22,,15.305733333333336,,,5.3774,L003,P034,T1
150,2026-06-04 00:00:00,7.053333333333335,,3.22,,15.305733333333336,,,5.3774,L003,P034,T1
160,2026-06-14 00:00:00,2.938888888888889,,3.066666666666667,,6.377388888888889,,,5.121333333333333,L003,P034,T1
170,2026-06-24 00:00:00,2.938888888888889,,3.066666666666667,,6.377388888888889,,,5.121333333333333,L003,P034,T1
180,2026-07-04 00:00:00,2.938888888888889,,3.066666666666667,,6.377388888888889,,,5.121333333333333,L003,P034,T1
190,2026-07-14 00:00:00,2.938888888888889,,3.066666666666667,,6.377388888888889,,,5.121333333333333,L003,P034,T1
200,2026-07-24 00:00:00,2.938888888888889,,3.066666666666667,,6.377388888888889,,,5.121333333333333,L003,P034,T1
210,2026-08-03 00:00:00,2.938888888888889,,3.066666666666667,,6.377388888888889,,,5.121333333333333,L003,P034,T1
220,2026-08-13 00:00:00,2.938888888888889,,3.066666666666667,,6.377388888888889,,,5.121333333333333,L003,P034,T1
230,2026-08-23 00:00:00,2.938888888888889,,3.066666666666667,,6.377388888888889,,,5.121333333333333,L003,P034,T1
240,2026-09-02 00:00:00,2.938888888888889,,3.066666666666667,,6.377388888888889,,,5.121333333333333,L003,P034,T1
1,2026-01-05 00:00:00,7.3901520000000005,18.92,,8.8,,,41.056400000000004,,L003,P035,T2
10,2026-01-15 00:00:00,,,,,,,,,L003,P035,T2
20,2026-01-25 00:00:00,,,,,,,,,L003,P035,T2
30,2026-02-04 00:00:00,,,,,,,,,L003,P035,T2
40,2026-02-14 00:00:00,2.2666666666666666,3.1533333333333338,1.001,,3.5720167466666664,5.171466666666667,,1.6716699999999998,L003,P035,T2
50,2026-02-24 00:00:00,2.2666666666666666,3.1533333333333338,1.001,,3.5720167466666664,5.171466666666667,,1.6716699999999998,L003,P035,T2
60,2026-03-06 00:00:00,2.2666666666666666,3.1533333333333338,1.001,,3.5720167466666664,5.171466666666667,,1.6716699999999998,L003,P035,T2
70,2026-03-16 00:00:00,2.2666666666666666,3.1533333333333338,1.001,,3.5720167466666664,5.171466666666667,,1.6716699999999998,L003,P035,T2
80,2026-03-26 00:00:00,2.2666666666666666,3.1533333333333338,1.001,,3.5720167466666664,5.171466666666667,,1.6716699999999998,L003,P035,T2
90,2026-04-05 00:00:00,2.2666666666666666,3.1533333333333338,1.001,,3.5720167466666664,5.171466666666667,,1.6716699999999998,L003,P035,T2
100,2026-04-15 00:00:00,4.018666666666667,,2.3356666666666666,,8.720506666666667,,,3.900563333333333,L003,P035,T2
110,2026-04-25 00:00:00,4.018666666666667,,2.3356666666666666,,8.720506666666667,,,3.900563333333333,L003,P035,T2
120,2026-05-05 00:00:00,4.018666666666667,,2.3356666666666666,8.8,8.720506666666667,,,3.900563333333333,L003,P035,T2
130,2026-05-15 00:00:00,4.018666666666667,,2.3356666666666666,,8.720506666666667,,,3.900563333333333,L003,P035,T2
140,2026-05-25 00:00:00,4.018666666666667,,2.3356666666666666,,8.720506666666667,,,3.900563333333333,L003,P035,T2
150,2026-06-04 00:00:00,4.018666666666667,,2.3356666666666666,,8.720506666666667,,,3.900563333333333,L003,P035,T2
160,2026-06-14 00:00:00,1.6744444444444444,,2.2244444444444444,,3.633544444444444,,,3.7148222222222222,L003,P035,T2
170,2026-06-24 00:00:00,1.6744444444444444,,2.2244444444444444,,3.633544444444444,,,3.7148222222222222,L003,P035,T2
180,2026-07-04 00:00:00,1.6744444444444444,,2.2244444444444444,,3.633544444444444,,,3.7148222222222222,L003,P035,T2
190,2026-07-14 00:00:00,1.6744444444444444,,2.2244444444444444,,3.633544444444444,,,3.7148222222222222,L003,P035,T2
200,2026-07-24 00:00:00,1.6744444444444444,,2.2244444444444444,,3.633544444444444,,,3.7148222222222222,L003,P035,T2
210,2026-08-03 00:00:00,1.6744444444444444,,2.2244444444444444,,3.633544444444444,,,3.7148222222222222,L003,P035,T2
220,2026-08-13 00:00:00,1.6744444444444444,,2.2244444444444444,,3.633544444444444,,,3.7148222222222222,L003,P035,T2
230,2026-08-23 00:00:00,1.6744444444444444,,2.2244444444444444,,3.633544444444444,,,3.7148222222222222,L003,P035,T2
240,2026-09-02 00:00:00,1.6744444444444444,,2.2244444444444444,,3.633544444444444,,,3.7148222222222222,L003,P035,T2
1,2026-01-05 00:00:00,6.255595709999999,16.015349999999998,,8.6,,,34.75330949999999,,L003,P036,T3
10,2026-01-15 00:00:00,,,,,,,,,L003,P036,T3
20,2026-01-25 00:00:00,,,,,,,,,L003,P036,T3
30,2026-02-04 00:00:00,,,,,,,,,L003,P036,T3
40,2026-02-14 00:00:00,4.316666666666666,2.6692249999999995,1.1793825,,8.227258115066666,4.377528999999999,,1.969568775,L003,P036,T3
50,2026-02-24 00:00:00,4.316666666666666,2.6692249999999995,1.1793825,,8.227258115066666,4.377528999999999,,1.969568775,L003,P036,T3
60,2026-03-06 00:00:00,4.316666666666666,2.6692249999999995,1.1793825,,8.227258115066666,4.377528999999999,,1.969568775,L003,P036,T3
70,2026-03-16 00:00:00,4.316666666666666,2.6692249999999995,1.1793825,,8.227258115066666,4.377528999999999,,1.969568775,L003,P036,T3
80,2026-03-26 00:00:00,4.316666666666666,2.6692249999999995,1.1793825,,8.227258115066666,4.377528999999999,,1.969568775,L003,P036,T3
90,2026-04-05 00:00:00,4.316666666666666,2.6692249999999995,1.1793825,,8.227258115066666,4.377528999999999,,1.969568775,L003,P036,T3
100,2026-04-15 00:00:00,6.1510066666666665,,2.7518925,,13.347684466666665,,,4.595660475,L003,P036,T3
110,2026-04-25 00:00:00,6.1510066666666665,,2.7518925,,13.347684466666665,,,4.595660475,L003,P036,T3
120,2026-05-05 00:00:00,6.1510066666666665,,2.7518925,8.6,13.347684466666665,,,4.595660475,L003,P036,T3
130,2026-05-15 00:00:00,6.1510066666666665,,2.7518925,,13.347684466666665,,,4.595660475,L003,P036,T3
140,2026-05-25 00:00:00,6.1510066666666665,,2.7518925,,13.347684466666665,,,4.595660475,L003,P036,T3
150,2026-06-04 00:00:00,6.1510066666666665,,2.7518925,,13.347684466666665,,,4.595660475,L003,P036,T3
160,2026-06-14 00:00:00,2.5629194444444443,,2.62085,,5.561535194444444,,,4.3768195,L003,P036,T3
170,2026-06-24 00:00:00,2.5629194444444443,,2.62085,,5.561535194444444,,,4.3768195,L003,P036,T3
180,2026-07-04 00:00:00,2.5629194444444443,,2.62085,,5.561535194444444,,,4.3768195,L003,P036,T3
190,2026-07-14 00:00:00,2.5629194444444443,,2.62085,,5.561535194444444,,,4.3768195,L003,P036,T3
200,2026-07-24 00:00:00,2.5629194444444443,,2.62085,,5.561535194444444,,,4.3768195,L003,P036,T3
210,2026-08-03 00:00:00,2.5629194444444443,,2.62085,,5.561535194444444,,,4.3768195,L003,P036,T3
220,2026-08-13 00:00:00,2.5629194444444443,,2.62085,,5.561535194444444,,,4.3768195,L003,P036,T3
230,2026-08-23 00:00:00,2.5629194444444443,,2.62085,,5.561535194444444,,,4.3768195,L003,P036,T3
240,2026-09-02 00:00:00,2.5629194444444443,,2.62085,,5.561535194444444,,,4.3768195,L003,P036,T3
1,2026-01-05 00:00:00,3.7156996799999993,9.512799999999999,,9.4,,,20.642775999999998,,L003,P037,T4
10,2026-01-15 00:00:00,0.6666666666666666,,,,1.4466666666666665,,,,L003,P037,T4
20,2026-01-25 00:00:00,0.6666666666666666,,,,1.4466666666666665,,,,L003,P037,T4
30,2026-02-04 00:00:00,0.6666666666666666,,,,1.4466666666666665,,,,L003,P037,T4
40,2026-02-14 00:00:00,2.3783958333333333,1.5854666666666664,0.9513974999999998,,4.484035905533333,2.6001653333333326,,1.5888338249999996,L003,P037,T4
50,2026-02-24 00:00:00,2.3783958333333333,1.5854666666666664,0.9513974999999998,,4.484035905533333,2.6001653333333326,,1.5888338249999996,L003,P037,T4
60,2026-03-06 00:00:00,2.3783958333333333,1.5854666666666664,0.9513974999999998,,4.484035905533333,2.6001653333333326,,1.5888338249999996,L003,P037,T4
70,2026-03-16 00:00:00,2.3783958333333333,1.5854666666666664,0.9513974999999998,,4.484035905533333,2.6001653333333326,,1.5888338249999996,L003,P037,T4
80,2026-03-26 00:00:00,2.3783958333333333,1.5854666666666664,0.9513974999999998,,4.484035905533333,2.6001653333333326,,1.5888338249999996,L003,P037,T4
90,2026-04-05 00:00:00,2.3783958333333333,1.5854666666666664,0.9513974999999998,,4.484035905533333,2.6001653333333326,,1.5888338249999996,L003,P037,T4
100,2026-04-15 00:00:00,3.8054333333333332,,2.2199274999999994,,8.257790333333332,,,3.707278924999999,L003,P037,T4
110,2026-04-25 00:00:00,3.8054333333333332,,2.2199274999999994,,8.257790333333332,,,3.707278924999999,L003,P037,T4
120,2026-05-05 00:00:00,3.8054333333333332,,2.2199274999999994,9.4,8.257790333333332,,,3.707278924999999,L003,P037,T4
130,2026-05-15 00:00:00,3.8054333333333332,,2.2199274999999994,,8.257790333333332,,,3.707278924999999,L003,P037,T4
140,2026-05-25 00:00:00,3.8054333333333332,,2.2199274999999994,,8.257790333333332,,,3.707278924999999,L003,P037,T4
150,2026-06-04 00:00:00,3.8054333333333332,,2.2199274999999994,,8.257790333333332,,,3.707278924999999,L003,P037,T4
160,2026-06-14 00:00:00,1.585597222222222,,2.114216666666666,,3.440745972222222,,,3.5307418333333325,L003,P037,T4
170,2026-06-24 00:00:00,1.585597222222222,,2.114216666666666,,3.440745972222222,,,3.5307418333333325,L003,P037,T4
180,2026-07-04 00:00:00,1.585597222222222,,2.114216666666666,,3.440745972222222,,,3.5307418333333325,L003,P037,T4
190,2026-07-14 00:00:00,1.585597222222222,,2.114216666666666,,3.440745972222222,,,3.5307418333333325,L003,P037,T4
200,2026-07-24 00:00:00,1.585597222222222,,2.114216666666666,,3.440745972222222,,,3.5307418333333325,L003,P037,T4
210,2026-08-03 00:00:00,1.585597222222222,,2.114216666666666,,3.440745972222222,,,3.5307418333333325,L003,P037,T4
220,2026-08-13 00:00:00,1.585597222222222,,2.114216666666666,,3.440745972222222,,,3.5307418333333325,L003,P037,T4
230,2026-08-23 00:00:00,1.585597222222222,,2.114216666666666,,3.440745972222222,,,3.5307418333333325,L003,P037,T4
240,2026-09-02 00:00:00,1.585597222222222,,2.114216666666666,,3.440745972222222,,,3.5307418333333325,L003,P037,T4
1,2026-01-05 00:00:00,6.56788041,16.81485,,7.8,,,36.4882245,,L003,P038,T5
10,2026-01-15 00:00:00,0.166,,,,0.4,,,,L003,P038,T5
20,2026-01-25 00:00:00,0.166,,,,0.4,,,,L003,P038,T5
30,2026-02-04 00:00:00,0.166,,,,0.4,,,,L003,P038,T5
40,2026-02-14 00:00:00,2.9583333333333335,2.802475,0.8881275,,5.222769569733333,4.5960589999999995,,1.4831729249999999,L003,P038,T5
50,2026-02-24 00:00:00,2.9583333333333335,2.802475,0.8881275,,5.222769569733333,4.5960589999999995,,1.4831729249999999,L003,P038,T5
60,2026-03-06 00:00:00,2.9583333333333335,2.802475,0.8881275,,5.222769569733333,4.5960589999999995,,1.4831729249999999,L003,P038,T5
70,2026-03-16 00:00:00,2.9583333333333335,2.802475,0.8881275,,5.222769569733333,4.5960589999999995,,1.4831729249999999,L003,P038,T5
80,2026-03-26 00:00:00,2.9583333333333335,2.802475,0.8881275,,5.222769569733333,4.5960589999999995,,1.4831729249999999,L003,P038,T5
90,2026-04-05 00:00:00,2.9583333333333335,2.802475,0.8881275,,5.222769569733333,4.5960589999999995,,1.4831729249999999,L003,P038,T5
100,2026-04-15 00:00:00,4.736836000000001,,2.0722975,7.8,10.278934120000002,,,3.4607368249999997,L003,P038,T5
110,2026-04-25 00:00:00,4.736836000000001,,2.0722975,,10.278934120000002,,,3.4607368249999997,L003,P038,T5
120,2026-05-05 00:00:00,4.736836000000001,,2.0722975,,10.278934120000002,,,3.4607368249999997,L003,P038,T5
130,2026-05-15 00:00:00,4.736836000000001,,2.0722975,,10.278934120000002,,,3.4607368249999997,L003,P038,T5
140,2026-05-25 00:00:00,4.736836000000001,,2.0722975,,10.278934120000002,,,3.4607368249999997,L003,P038,T5
150,2026-06-04 00:00:00,4.736836000000001,,2.0722975,,10.278934120000002,,,3.4607368249999997,L003,P038,T5
160,2026-06-14 00:00:00,1.9736816666666668,,1.9736166666666668,,4.282889216666667,,,3.2959398333333336,L003,P038,T5
170,2026-06-24 00:00:00,1.9736816666666668,,1.9736166666666668,,4.282889216666667,,,3.2959398333333336,L003,P038,T5
180,2026-07-04 00:00:00,1.9736816666666668,,1.9736166666666668,,4.282889216666667,,,3.2959398333333336,L003,P038,T5
190,2026-07-14 00:00:00,1.9736816666666668,,1.9736166666666668,,4.282889216666667,,,3.2959398333333336,L003,P038,T5
200,2026-07-24 00:00:00,1.9736816666666668,,1.9736166666666668,,4.282889216666667,,,3.2959398333333336,L003,P038,T5
210,2026-08-03 00:00:00,1.9736816666666668,,1.9736166666666668,,4.282889216666667,,,3.2959398333333336,L003,P038,T5
220,2026-08-13 00:00:00,1.9736816666666668,,1.9736166666666668,,4.282889216666667,,,3.2959398333333336,L003,P038,T5
230,2026-08-23 00:00:00,1.9736816666666668,,1.9736166666666668,,4.282889216666667,,,3.2959398333333336,L003,P038,T5
240,2026-09-02 00:00:00,1.9736816666666668,,1.9736166666666668,,4.282889216666667,,,3.2959398333333336,L003,P038,T5
1,2026-04-04 00:00:00,0,2.025,,1.4,,,4.4,,L002,P029,T1
10,2026-04-14 00:00:00,0,2.025,,,,,4.4,,L002,P029,T1
20,2026-04-24 00:00:00,0,2.025,,,,,4.4,,L002,P029,T1
30,2026-05-04 00:00:00,0,2.025,,,,,4.4,,L002,P029,T1
40,2026-05-14 00:00:00,0.823,1.3499999999999999,0.42225,,1.7859099999999999,0,2.9347,0.7051575,L002,P029,T1
50,2026-05-24 00:00:00,0.823,1.3499999999999999,0.42225,,1.7859099999999999,0,2.9347,0.7051575,L002,P029,T1
60,2026-06-03 00:00:00,0.823,1.3499999999999999,0.42225,,1.7859099999999999,0,2.9347,0.7051575,L002,P029,T1
70,2026-06-13 00:00:00,0.823,1.3499999999999999,0.42225,,1.7859099999999999,0,2.9347,0.7051575,L002,P029,T1
80,2026-06-23 00:00:00,0.823,1.3499999999999999,0.42225,,1.7859099999999999,0,2.9347,0.7051575,L002,P029,T1
90,2026-07-03 00:00:00,0.823,1.3499999999999999,0.42225,,1.7859099999999999,0,2.9347,0.7051575,L002,P029,T1
100,2026-07-13 00:00:00,2.16,,0.9852500000000001,,4.6872,,,1.6453675,L002,P029,T1
110,2026-07-23 00:00:00,2.16,,0.9852500000000001,,4.6872,,,1.6453675,L002,P029,T1
120,2026-08-02 00:00:00,2.16,,0.9852500000000001,1.4,4.6872,,,1.6453675,L002,P029,T1
130,2026-08-12 00:00:00,2.16,,0.9852500000000001,,4.6872,,,1.6453675,L002,P029,T1
140,2026-08-22 00:00:00,2.16,,0.9852500000000001,,4.6872,,,1.6453675,L002,P029,T1
150,2026-09-01 00:00:00,2.16,,0.9852500000000001,,4.6872,,,1.6453675,L002,P029,T1
160,2026-09-11 00:00:00,0.9002,,0.9383333333333334,,1.953434,,,1.5670166666666667,L002,P029,T1
170,2026-09-21 00:00:00,0.9002,,0.9383333333333334,,1.953434,,,1.5670166666666667,L002,P029,T1
180,2026-10-01 00:00:00,0.9002,,0.9383333333333334,,1.953434,,,1.5670166666666667,L002,P029,T1
190,2026-10-11 00:00:00,0.9002,,0.9383333333333334,,1.953434,,,1.5670166666666667,L002,P029,T1
200,2026-10-21 00:00:00,0.9002,,0.9383333333333334,,1.953434,,,1.5670166666666667,L002,P029,T1
210,2026-10-31 00:00:00,0.9002,,0.9383333333333334,,1.953434,,,1.5670166666666667,L002,P029,T1
220,2026-11-10 00:00:00,0.9002,,0.9383333333333334,,1.953434,,,1.5670166666666667,L002,P029,T1
230,2026-11-20 00:00:00,0.9002,,0.9383333333333334,,1.953434,,,1.5670166666666667,L002,P029,T1
240,2026-11-30 00:00:00,0.9002,,0.9383333333333334,,1.953434,,,1.5670166666666667,L002,P029,T1
1,2026-04-04 00:00:00,0,1.95,,1.8,,,4.2391,,L002,P030,T2
10,2026-04-14 00:00:00,0,1.95,,,,,4.2391,,L002,P030,T2
20,2026-04-24 00:00:00,0,1.95,,,,,4.2391,,L002,P030,T2
30,2026-05-04 00:00:00,0,1.95,,,,,4.2391,,L002,P030,T2
40,2026-05-14 00:00:00,0.52065,1.3,0.412,,1.1298104999999998,0,2.826,0.68804,L002,P030,T2
50,2026-05-24 00:00:00,0.52065,1.3,0.412,,1.1298104999999998,0,2.826,0.68804,L002,P030,T2
60,2026-06-03 00:00:00,0.52065,1.3,0.412,,1.1298104999999998,0,2.826,0.68804,L002,P030,T2
70,2026-06-13 00:00:00,0.52065,1.3,0.412,,1.1298104999999998,0,2.826,0.68804,L002,P030,T2
80,2026-06-23 00:00:00,0.52065,1.3,0.412,,1.1298104999999998,0,2.826,0.68804,L002,P030,T2
90,2026-07-03 00:00:00,0.52065,1.3,0.412,,1.1298104999999998,0,2.826,0.68804,L002,P030,T2
100,2026-07-13 00:00:00,1.64808,,0.9613333333333333,,3.5763336,,,1.6054266666666666,L002,P030,T2
110,2026-07-23 00:00:00,1.64808,,0.9613333333333333,,3.5763336,,,1.6054266666666666,L002,P030,T2
120,2026-08-02 00:00:00,1.64808,,0.9613333333333333,1.8,3.5763336,,,1.6054266666666666,L002,P030,T2
130,2026-08-12 00:00:00,1.64808,,0.9613333333333333,,3.5763336,,,1.6054266666666666,L002,P030,T2
140,2026-08-22 00:00:00,1.64808,,0.9613333333333333,,3.5763336,,,1.6054266666666666,L002,P030,T2
150,2026-09-01 00:00:00,1.64808,,0.9613333333333333,,3.5763336,,,1.6054266666666666,L002,P030,T2
160,2026-09-11 00:00:00,0.6867,,0.9155555555555556,,1.4901389999999999,,,1.5289777777777778,L002,P030,T2
170,2026-09-21 00:00:00,0.6867,,0.9155555555555556,,1.4901389999999999,,,1.5289777777777778,L002,P030,T2
180,2026-10-01 00:00:00,0.6867,,0.9155555555555556,,1.4901389999999999,,,1.5289777777777778,L002,P030,T2
190,2026-10-11 00:00:00,0.6867,,0.9155555555555556,,1.4901389999999999,,,1.5289777777777778,L002,P030,T2
200,2026-10-21 00:00:00,0.6867,,0.9155555555555556,,1.4901389999999999,,,1.5289777777777778,L002,P030,T2
210,2026-10-31 00:00:00,0.6867,,0.9155555555555556,,1.4901389999999999,,,1.5289777777777778,L002,P030,T2
220,2026-11-10 00:00:00,0.6867,,0.9155555555555556,,1.4901389999999999,,,1.5289777777777778,L002,P030,T2
230,2026-11-20 00:00:00,0.6867,,0.9155555555555556,,1.4901389999999999,,,1.5289777777777778,L002,P030,T2
240,2026-11-30 00:00:00,0.6867,,0.9155555555555556,,1.4901389999999999,,,1.5289777777777778,L002,P030,T2
1,2026-04-04 00:00:00,0.5656,0.33625,,1.3,1.2304,,0.7304,,L002,P031,T3
10,2026-04-14 00:00:00,0.5656,0.33625,,,1.2304,,0.7304,,L002,P031,T3
20,2026-04-24 00:00:00,0.5656,0.33625,,,1.2304,,0.7304,,L002,P031,T3
30,2026-05-04 00:00:00,0.5656,0.33625,,,1.2304,,0.7304,,L002,P031,T3
40,2026-05-14 00:00:00,1.0734,0.22416,0.53825,,2.3292779999999995,0,0.4873,0.8988775,L002,P031,T3
50,2026-05-24 00:00:00,1.0734,0.22416666666666665,0.53825,,2.3292779999999995,0,0.4873,0.8988775,L002,P031,T3
60,2026-06-03 00:00:00,1.0734,0.22416666666666665,0.53825,,2.3292779999999995,0,0.4873,0.8988775,L002,P031,T3
70,2026-06-13 00:00:00,1.0734,0.22416666666666665,0.53825,,2.3292779999999995,0,0.4873,0.8988775,L002,P031,T3
80,2026-06-23 00:00:00,1.0734,0.22416666666666665,0.53825,,2.3292779999999995,0,0.4873,0.8988775,L002,P031,T3
90,2026-07-03 00:00:00,1.0734,0.22416666666666665,0.53825,,2.3292779999999995,0,0.4873,0.8988775,L002,P031,T3
100,2026-07-13 00:00:00,1.8586,,1.2559166666666666,,4.033162,,,2.0973808333333332,L002,P031,T3
110,2026-07-23 00:00:00,1.8586,,1.2559166666666666,,4.033162,,,2.0973808333333332,L002,P031,T3
120,2026-08-02 00:00:00,1.8586,,1.2559166666666666,1.3,4.033162,,,2.0973808333333332,L002,P031,T3
130,2026-08-12 00:00:00,1.8586,,1.2559166666666666,,4.033162,,,2.0973808333333332,L002,P031,T3
140,2026-08-22 00:00:00,1.8586,,1.2559166666666666,,4.033162,,,2.0973808333333332,L002,P031,T3
150,2026-09-01 00:00:00,1.8586,,1.2559166666666666,,4.033162,,,2.0973808333333332,L002,P031,T3
160,2026-09-11 00:00:00,0.77444,,1.1961111111111111,,1.6805348,,,1.9975055555555554,L002,P031,T3
170,2026-09-21 00:00:00,0.77444,,1.1961111111111111,,1.6805348,,,1.9975055555555554,L002,P031,T3
180,2026-10-01 00:00:00,0.77444,,1.1961111111111111,,1.6805348,,,1.9975055555555554,L002,P031,T3
190,2026-10-11 00:00:00,0.77444,,1.1961111111111111,,1.6805348,,,1.9975055555555554,L002,P031,T3
200,2026-10-21 00:00:00,0.77444,,1.1961111111111111,,1.6805348,,,1.9975055555555554,L002,P031,T3
210,2026-10-31 00:00:00,0.77444,,1.1961111111111111,,1.6805348,,,1.9975055555555554,L002,P031,T3
220,2026-11-10 00:00:00,0.77444,,1.1961111111111111,,1.6805348,,,1.9975055555555554,L002,P031,T3
230,2026-11-20 00:00:00,0.77444,,1.1961111111111111,,1.6805348,,,1.9975055555555554,L002,P031,T3
240,2026-11-30 00:00:00,0.77444,,1.1961111111111111,,1.6805348,,,1.9975055555555554,L002,P031,T3
1,2026-04-04 00:00:00,0.217,1.037,,2.05,0.4717,,2.2543,,L002,P032,T4
10,2026-04-14 00:00:00,0.217,1.037,,,0.4717,,2.2543,,L002,P032,T4
20,2026-04-24 00:00:00,0.217,1.037,,,0.4717,,2.2543,,L002,P032,T4
30,2026-05-04 00:00:00,0.217,1.037,,,0.4717,,2.2543,,L002,P032,T4
40,2026-05-14 00:00:00,0.7666,0.69133,0.4148,,1.6635219999999997,0,1.50289,0.692716,L002,P032,T4
50,2026-05-24 00:00:00,0.7666,0.69133,0.4148,,1.6635219999999997,0,1.50289,0.692716,L002,P032,T4
60,2026-06-03 00:00:00,0.7666,0.69133,0.4148,,1.6635219999999997,0,1.50289,0.692716,L002,P032,T4
70,2026-06-13 00:00:00,0.7666,0.69133,0.4148,,1.6635219999999997,0,1.50289,0.692716,L002,P032,T4
80,2026-06-23 00:00:00,0.7666,0.69133,0.4148,,1.6635219999999997,0,1.50289,0.692716,L002,P032,T4
90,2026-07-03 00:00:00,0.7666,0.69133,0.4148,,1.6635219999999997,0,1.50289,0.692716,L002,P032,T4
100,2026-07-13 00:00:00,1.6586,,0.9678666666666665,,3.6,,,1.616337333333333,L002,P032,T4
110,2026-07-23 00:00:00,1.6586,,0.9678666666666665,,3.599162,,,1.616337333333333,L002,P032,T4
120,2026-08-02 00:00:00,1.6586,,0.9678666666666665,2.05,3.599162,,,1.616337333333333,L002,P032,T4
130,2026-08-12 00:00:00,1.6586,,0.9678666666666665,,3.599162,,,1.616337333333333,L002,P032,T4
140,2026-08-22 00:00:00,1.6586,,0.9678666666666665,,3.599162,,,1.616337333333333,L002,P032,T4
150,2026-09-01 00:00:00,1.6586,,0.9678666666666665,,3.599162,,,1.616337333333333,L002,P032,T4
160,2026-09-11 00:00:00,0.6911,,0.9217777777777777,,1.499687,,,1.5393688888888888,L002,P032,T4
170,2026-09-21 00:00:00,0.6911,,0.9217777777777777,,1.499687,,,1.5393688888888888,L002,P032,T4
180,2026-10-01 00:00:00,0.6911,,0.9217777777777777,,1.499687,,,1.5393688888888888,L002,P032,T4
190,2026-10-11 00:00:00,0.6911,,0.9217777777777777,,1.499687,,,1.5393688888888888,L002,P032,T4
200,2026-10-21 00:00:00,0.6911,,0.9217777777777777,,1.499687,,,1.5393688888888888,L002,P032,T4
210,2026-10-31 00:00:00,0.6911,,0.9217777777777777,,1.499687,,,1.5393688888888888,L002,P032,T4
220,2026-11-10 00:00:00,0.6911,,0.9217777777777777,,1.499687,,,1.5393688888888888,L002,P032,T4
230,2026-11-20 00:00:00,0.6911,,0.9217777777777777,,1.499687,,,1.5393688888888888,L002,P032,T4
240,2026-11-30 00:00:00,0.6911,,0.9217777777777777,,1.499687,,,1.5393688888888888,L002,P032,T4
1,2026-04-04 00:00:00,0,1.605,,1.5,,,3.4891,,L002,P033,T5
10,2026-04-14 00:00:00,0,1.605,,,,,3.4891,,L002,P033,T5
20,2026-04-24 00:00:00,0,1.605,,,,,3.4891,,L002,P033,T5
30,2026-05-04 00:00:00,0.2002,1.605,,,,,3.4891,,L002,P033,T5
40,2026-05-14 00:00:00,0.71101,1.07,0.33925,,1.5428917,0,2.326,0.5665475,L002,P033,T5
50,2026-05-24 00:00:00,0.71101,1.07,0.33925,,1.5428917,0,2.326,0.5665475,L002,P033,T5
60,2026-06-03 00:00:00,0.71101,1.07,0.33925,,1.5428917,0,2.326,0.5665475,L002,P033,T5
70,2026-06-13 00:00:00,0.71101,1.07,0.33925,,1.5428917,0,2.326,0.5665475,L002,P033,T5
80,2026-06-23 00:00:00,0.71101,1.07,0.33925,,1.5428917,0,2.326,0.5665475,L002,P033,T5
90,2026-07-03 00:00:00,0.71101,1.07,0.33925,,1.5428917,0,2.326,0.5665475,L002,P033,T5
100,2026-07-13 00:00:00,1.8086,,0.7915833333333332,,3.9246619999999997,,,1.3219441666666665,L002,P033,T5
110,2026-07-23 00:00:00,1.8086,,0.7915833333333332,,3.9246619999999997,,,1.3219441666666665,L002,P033,T5
120,2026-08-02 00:00:00,1.8086,,0.7915833333333332,1.5,3.9246619999999997,,,1.3219441666666665,L002,P033,T5
130,2026-08-12 00:00:00,1.8086,,0.7915833333333332,,3.9246619999999997,,,1.3219441666666665,L002,P033,T5
140,2026-08-22 00:00:00,1.8086,,0.7915833333333332,,3.9246619999999997,,,1.3219441666666665,L002,P033,T5
150,2026-09-01 00:00:00,1.8086,,0.7915833333333332,,3.9246619999999997,,,1.3219441666666665,L002,P033,T5
160,2026-09-11 00:00:00,0.7536,,0.7538888888888889,,1.635312,,,1.2589944444444445,L002,P033,T5
170,2026-09-21 00:00:00,0.7536,,0.7538888888888889,,1.635312,,,1.2589944444444445,L002,P033,T5
180,2026-10-01 00:00:00,0.7536,,0.7538888888888889,,1.635312,,,1.2589944444444445,L002,P033,T5
190,2026-10-11 00:00:00,0.7536,,0.7538888888888889,,1.635312,,,1.2589944444444445,L002,P033,T5
200,2026-10-21 00:00:00,0.7536,,0.7538888888888889,,1.635312,,,1.2589944444444445,L002,P033,T5
210,2026-10-31 00:00:00,0.7536,,0.7538888888888889,,1.635312,,,1.2589944444444445,L002,P033,T5
220,2026-11-10 00:00:00,0.7536,,0.7538888888888889,,1.635312,,,1.2589944444444445,L002,P033,T5
230,2026-11-20 00:00:00,0.7536,,0.7538888888888889,,1.635312,,,1.2589944444444445,L002,P033,T5
240,2026-11-30 00:00:00,0.7536,,0.7538888888888889,,1.635312,,,1.2589944444444445,L002,P033,T5
1,2026-03-02 00:00:00,2.304,5.9,,1.8,,,12.803,,L001,P002,T2
10,2026-03-12 00:00:00,,,,,,,,,L001,P002,T2
20,2026-03-22 00:00:00,,,,,,,,,L001,P002,T2
30,2026-04-01 00:00:00,,,,,,,,,L001,P002,T2
40,2026-04-11 00:00:00,0.5725,0.3,0.20495249999999998,,1.1142082,0.49199999999999994,,0.34227067499999997,L001,P002,T2
50,2026-04-21 00:00:00,0.5725,0.3,0.20495249999999998,,1.1142082,0.49199999999999994,,0.34227067499999997,L001,P002,T2
60,2026-05-01 00:00:00,0.5725,0.3,0.20495249999999998,,1.1142082,0.49199999999999994,,0.34227067499999997,L001,P002,T2
70,2026-05-11 00:00:00,0.5725,0.3,0.20495249999999998,,1.1142082,0.49199999999999994,,0.34227067499999997,L001,P002,T2
80,2026-05-21 00:00:00,0.5725,0.3,0.20495249999999998,,1.1142082,0.49199999999999994,,0.34227067499999997,L001,P002,T2
90,2026-05-31 00:00:00,0.5725,0.3,0.20495249999999998,,1.1142082,0.49199999999999994,,0.34227067499999997,L001,P002,T2
100,2026-06-10 00:00:00,1.09308,,0.4782225,,2.3719836,,,0.7986315749999999,L001,P002,T2
110,2026-06-20 00:00:00,1.09308,,0.4782225,,2.3719836,,,0.7986315749999999,L001,P002,T2
120,2026-06-30 00:00:00,1.09308,,0.4782225,1.8,2.3719836,,,0.7986315749999999,L001,P002,T2
130,2026-07-10 00:00:00,1.09308,,0.4782225,,2.3719836,,,0.7986315749999999,L001,P002,T2
140,2026-07-20 00:00:00,1.09308,,0.4782225,,2.3719836,,,0.7986315749999999,L001,P002,T2
150,2026-07-30 00:00:00,1.09308,,0.4782225,,2.3719836,,,0.7986315749999999,L001,P002,T2
160,2026-08-09 00:00:00,0.455,,0.45545,,0.98735,,,0.7606015,L001,P002,T2
170,2026-08-19 00:00:00,0.45545,,0.45545,,0.9883265,,,0.7606015,L001,P002,T2
180,2026-08-29 00:00:00,0.45545,,0.45545,,0.9883265,,,0.7606015,L001,P002,T2
190,2026-09-08 00:00:00,0.45545,,0.45545,,0.9883265,,,0.7606015,L001,P002,T2
200,2026-09-18 00:00:00,0.45545,,0.45545,,0.9883265,,,0.7606015,L001,P002,T2
210,2026-09-28 00:00:00,0.45545,,0.45545,,0.9883265,,,0.7606015,L001,P002,T2
220,2026-10-08 00:00:00,0.45545,,0.45545,,0.9883265,,,0.7606015,L001,P002,T2
230,2026-10-18 00:00:00,0.45545,,0.45545,,0.9883265,,,0.7606015,L001,P002,T2
240,2026-10-28 00:00:00,0.45545,,0.45545,,0.9883265,,,0.7606015,L001,P002,T2
1,2026-03-02 00:00:00,2.304,5.9,,1.8,,,12.803,,L001,P016,T2
10,2026-03-12 00:00:00,,,,,,,,,L001,P016,T2
20,2026-03-22 00:00:00,,,,,,,,,L001,P016,T2
30,2026-04-01 00:00:00,,,,,,,,,L001,P016,T2
40,2026-04-11 00:00:00,0.5725,0.3,0.20495249999999998,,1.1142082,0.49199999999999994,,0.34227067499999997,L001,P016,T2
50,2026-04-21 00:00:00,0.5725,0.3,0.20495249999999998,,1.1142082,0.49199999999999994,,0.34227067499999997,L001,P016,T2
60,2026-05-01 00:00:00,0.5725,0.3,0.20495249999999998,,1.1142082,0.49199999999999994,,0.34227067499999997,L001,P016,T2
70,2026-05-11 00:00:00,0.5725,0.3,0.20495249999999998,,1.1142082,0.49199999999999994,,0.34227067499999997,L001,P016,T2
80,2026-05-21 00:00:00,0.5725,0.3,0.20495249999999998,,1.1142082,0.49199999999999994,,0.34227067499999997,L001,P016,T2
90,2026-05-31 00:00:00,0.5725,0.3,0.20495249999999998,,1.1142082,0.49199999999999994,,0.34227067499999997,L001,P016,T2
100,2026-06-10 00:00:00,1.09308,,0.4782225,,2.3719836,,,0.7986315749999999,L001,P016,T2
110,2026-06-20 00:00:00,1.09308,,0.4782225,,2.3719836,,,0.7986315749999999,L001,P016,T2
120,2026-06-30 00:00:00,1.09308,,0.4782225,1.8,2.3719836,,,0.7986315749999999,L001,P016,T2
130,2026-07-10 00:00:00,1.09308,,0.4782225,,2.3719836,,,0.7986315749999999,L001,P016,T2
140,2026-07-20 00:00:00,1.09308,,0.4782225,,2.3719836,,,0.7986315749999999,L001,P016,T2
150,2026-07-30 00:00:00,1.09308,,0.4782225,,2.3719836,,,0.7986315749999999,L001,P016,T2
160,2026-08-09 00:00:00,0.455,,0.45545,,0.98735,,,0.7606015,L001,P016,T2
170,2026-08-19 00:00:00,0.45545,,0.45545,,0.9883265,,,0.7606015,L001,P016,T2
180,2026-08-29 00:00:00,0.45545,,0.45545,,0.9883265,,,0.7606015,L001,P016,T2
190,2026-09-08 00:00:00,0.45545,,0.45545,,0.9883265,,,0.7606015,L001,P016,T2
200,2026-09-18 00:00:00,0.45545,,0.45545,,0.9883265,,,0.7606015,L001,P016,T2
210,2026-09-28 00:00:00,0.45545,,0.45545,,0.9883265,,,0.7606015,L001,P016,T2
220,2026-10-08 00:00:00,0.45545,,0.45545,,0.9883265,,,0.7606015,L001,P016,T2
230,2026-10-18 00:00:00,0.45545,,0.45545,,0.9883265,,,0.7606015,L001,P016,T2
240,2026-10-28 00:00:00,0.45545,,0.45545,,0.9883265,,,0.7606015,L001,P016,T2
1,2026-03-02 00:00:00,2.3,5.9,,1.8,,,12.803,,L001,P009,T9
10,2026-03-12 00:00:00,,,,,,,,,L001,P009,T9
20,2026-03-22 00:00:00,,,,,,,,,L001,P009,T9
30,2026-04-01 00:00:00,,,,,,,,,L001,P009,T9
40,2026-04-11 00:00:00,0.39,0.3,0.20495249999999998,,0.7181832,0.49199999999999994,,0.34227067499999997,L001,P009,T9
50,2026-04-21 00:00:00,0.39,0.3,0.20495249999999998,,0.7181832,0.49199999999999994,,0.34227067499999997,L001,P009,T9
60,2026-05-01 00:00:00,0.39,0.3,0.20495249999999998,,0.7181832,0.49199999999999994,,0.34227067499999997,L001,P009,T9
70,2026-05-11 00:00:00,0.39,0.3,0.20495249999999998,,0.7181832,0.49199999999999994,,0.34227067499999997,L001,P009,T9
80,2026-05-21 00:00:00,0.39,0.3,0.20495249999999998,,0.7181832,0.49199999999999994,,0.34227067499999997,L001,P009,T9
90,2026-05-31 00:00:00,0.39,0.3,0.20495249999999998,,0.7181832,0.49199999999999994,,0.34227067499999997,L001,P009,T9
100,2026-06-10 00:00:00,0.8197800000000001,,0.4782225,,1.7789226,,,0.7986315749999999,L001,P009,T9
110,2026-06-20 00:00:00,0.82,,0.4782225,,1.7793999999999999,,,0.7986315749999999,L001,P009,T9
120,2026-06-30 00:00:00,0.82,,0.4782225,1.8,1.7793999999999999,,,0.7986315749999999,L001,P009,T9
130,2026-07-10 00:00:00,0.82,,0.4782225,,1.7793999999999999,,,0.7986315749999999,L001,P009,T9
140,2026-07-20 00:00:00,0.82,,0.4782225,,1.7793999999999999,,,0.7986315749999999,L001,P009,T9
150,2026-07-30 00:00:00,0.82,,0.4782225,,1.7793999999999999,,,0.7986315749999999,L001,P009,T9
160,2026-08-09 00:00:00,0.34157499999999996,,0.45545,,0.7412177499999999,,,0.7606015,L001,P009,T9
170,2026-08-19 00:00:00,0.3,,0.45545,,0.6509999999999999,,,0.7606015,L001,P009,T9
180,2026-08-29 00:00:00,0.3,,0.45545,,0.6509999999999999,,,0.7606015,L001,P009,T9
190,2026-09-08 00:00:00,0.3,,0.45545,,0.6509999999999999,,,0.7606015,L001,P009,T9
200,2026-09-18 00:00:00,0.3,,0.45545,,0.6509999999999999,,,0.7606015,L001,P009,T9
210,2026-09-28 00:00:00,0.3,,0.45545,,0.6509999999999999,,,0.7606015,L001,P009,T9
220,2026-10-08 00:00:00,0.3,,0.45545,,0.6509999999999999,,,0.7606015,L001,P009,T9
230,2026-10-18 00:00:00,0.3,,0.45545,,0.6509999999999999,,,0.7606015,L001,P009,T9
240,2026-10-28 00:00:00,0.3,,0.45545,,0.6509999999999999,,,0.7606015,L001,P009,T9
1,2026-03-02 00:00:00,2.3,5.9,,1.8,,,12.803,,L001,P023,T9
10,2026-03-12 00:00:00,,,,,,,,,L001,P023,T9
20,2026-03-22 00:00:00,,,,,,,,,L001,P023,T9
30,2026-04-01 00:00:00,,,,,,,,,L001,P023,T9
40,2026-04-11 00:00:00,0.39,0.3,0.20495249999999998,,0.7181832,0.49199999999999994,,0.34227067499999997,L001,P023,T9
50,2026-04-21 00:00:00,0.39,0.3,0.20495249999999998,,0.7181832,0.49199999999999994,,0.34227067499999997,L001,P023,T9
60,2026-05-01 00:00:00,0.39,0.3,0.20495249999999998,,0.7181832,0.49199999999999994,,0.34227067499999997,L001,P023,T9
70,2026-05-11 00:00:00,0.39,0.3,0.20495249999999998,,0.7181832,0.49199999999999994,,0.34227067499999997,L001,P023,T9
80,2026-05-21 00:00:00,0.39,0.3,0.20495249999999998,,0.7181832,0.49199999999999994,,0.34227067499999997,L001,P023,T9
90,2026-05-31 00:00:00,0.39,0.3,0.20495249999999998,,0.7181832,0.49199999999999994,,0.34227067499999997,L001,P023,T9
100,2026-06-10 00:00:00,0.8197800000000001,,0.4782225,,1.7789226,,,0.7986315749999999,L001,P023,T9
110,2026-06-20 00:00:00,0.82,,0.4782225,,1.7793999999999999,,,0.7986315749999999,L001,P023,T9
120,2026-06-30 00:00:00,0.82,,0.4782225,1.8,1.7793999999999999,,,0.7986315749999999,L001,P023,T9
130,2026-07-10 00:00:00,0.82,,0.4782225,,1.7793999999999999,,,0.7986315749999999,L001,P023,T9
140,2026-07-20 00:00:00,0.82,,0.4782225,,1.7793999999999999,,,0.7986315749999999,L001,P023,T9
150,2026-07-30 00:00:00,0.82,,0.4782225,,1.7793999999999999,,,0.7986315749999999,L001,P023,T9
160,2026-08-09 00:00:00,0.34157499999999996,,0.45545,,0.7412177499999999,,,0.7606015,L001,P023,T9
170,2026-08-19 00:00:00,0.3,,0.45545,,0.6509999999999999,,,0.7606015,L001,P023,T9
180,2026-08-29 00:00:00,0.3,,0.45545,,0.6509999999999999,,,0.7606015,L001,P023,T9
190,2026-09-08 00:00:00,0.3,,0.45545,,0.6509999999999999,,,0.7606015,L001,P023,T9
200,2026-09-18 00:00:00,0.3,,0.45545,,0.6509999999999999,,,0.7606015,L001,P023,T9
210,2026-09-28 00:00:00,0.3,,0.45545,,0.6509999999999999,,,0.7606015,L001,P023,T9
220,2026-10-08 00:00:00,0.3,,0.45545,,0.6509999999999999,,,0.7606015,L001,P023,T9
230,2026-10-18 00:00:00,0.3,,0.45545,,0.6509999999999999,,,0.7606015,L001,P023,T9
240,2026-10-28 00:00:00,0.3,,0.45545,,0.6509999999999999,,,0.7606015,L001,P023,T9
1,2026-03-02 00:00:00,0.72,1.83,,1.8,,,3.97,,L001,P004,T4
10,2026-03-12 00:00:00,,,,,,,,,L001,P004,T4
20,2026-03-22 00:00:00,,,,,,,,,L001,P004,T4
30,2026-04-01 00:00:00,,,,,,,,,L001,P004,T4
40,2026-04-11 00:00:00,0.36,0.3,0.1821825,,0.6530832,0.49199999999999994,,0.30424477499999997,L001,P004,T4
50,2026-04-21 00:00:00,0.36,0.3,0.1821825,,0.6530832,0.49199999999999994,,0.30424477499999997,L001,P004,T4
60,2026-05-01 00:00:00,0.36,0.3,0.1821825,,0.6530832,0.49199999999999994,,0.30424477499999997,L001,P004,T4
70,2026-05-11 00:00:00,0.36,0.3,0.1821825,,0.6530832,0.49199999999999994,,0.30424477499999997,L001,P004,T4
80,2026-05-21 00:00:00,0.36,0.3,0.1821825,,0.6530832,0.49199999999999994,,0.30424477499999997,L001,P004,T4
90,2026-05-31 00:00:00,0.36,0.3,0.1821825,,0.6530832,0.49199999999999994,,0.30424477499999997,L001,P004,T4
100,2026-06-10 00:00:00,0.55,,0.42509249999999993,,1.1935,,,0.7099044749999999,L001,P004,T4
110,2026-06-20 00:00:00,0.55,,0.42509249999999993,,1.1935,,,0.7099044749999999,L001,P004,T4
120,2026-06-30 00:00:00,0.55,,0.42509249999999993,1.8,1.1935,,,0.7099044749999999,L001,P004,T4
130,2026-07-10 00:00:00,0.55,,0.42509249999999993,,1.1935,,,0.7099044749999999,L001,P004,T4
140,2026-07-20 00:00:00,0.55,,0.42509249999999993,,1.1935,,,0.7099044749999999,L001,P004,T4
150,2026-07-30 00:00:00,0.55,,0.42509249999999993,,1.1935,,,0.7099044749999999,L001,P004,T4
160,2026-08-09 00:00:00,0.227725,,0.40484999999999993,,0.49416325,,,0.6760994999999999,L001,P004,T4
170,2026-08-19 00:00:00,0.227725,,0.40484999999999993,,0.49416325,,,0.6760994999999999,L001,P004,T4
180,2026-08-29 00:00:00,0.227725,,0.40484999999999993,,0.49416325,,,0.6760994999999999,L001,P004,T4
190,2026-09-08 00:00:00,0.227725,,0.40484999999999993,,0.49416325,,,0.6760994999999999,L001,P004,T4
200,2026-09-18 00:00:00,0.227725,,0.40484999999999993,,0.49416325,,,0.6760994999999999,L001,P004,T4
210,2026-09-28 00:00:00,0.227725,,0.40484999999999993,,0.49416325,,,0.6760994999999999,L001,P004,T4
220,2026-10-08 00:00:00,0.227725,,0.40484999999999993,,0.49416325,,,0.6760994999999999,L001,P004,T4
230,2026-10-18 00:00:00,0.227725,,0.40484999999999993,,0.49416325,,,0.6760994999999999,L001,P004,T4
240,2026-10-28 00:00:00,0.227725,,0.40484999999999993,,0.49416325,,,0.6760994999999999,L001,P004,T4
1,2026-03-02 00:00:00,0.72,1.83,,1.8,,,3.97,,L001,P018,T4
10,2026-03-12 00:00:00,,,,,,,,,L001,P018,T4
20,2026-03-22 00:00:00,,,,,,,,,L001,P018,T4
30,2026-04-01 00:00:00,,,,,,,,,L001,P018,T4
40,2026-04-11 00:00:00,0.36,0.3,0.1821825,,0.6530832,0.49199999999999994,,0.30424477499999997,L001,P018,T4
50,2026-04-21 00:00:00,0.36,0.3,0.1821825,,0.6530832,0.49199999999999994,,0.30424477499999997,L001,P018,T4
60,2026-05-01 00:00:00,0.36,0.3,0.1821825,,0.6530832,0.49199999999999994,,0.30424477499999997,L001,P018,T4
70,2026-05-11 00:00:00,0.36,0.3,0.1821825,,0.6530832,0.49199999999999994,,0.30424477499999997,L001,P018,T4
80,2026-05-21 00:00:00,0.36,0.3,0.1821825,,0.6530832,0.49199999999999994,,0.30424477499999997,L001,P018,T4
90,2026-05-31 00:00:00,0.36,0.3,0.1821825,,0.6530832,0.49199999999999994,,0.30424477499999997,L001,P018,T4
100,2026-06-10 00:00:00,0.55,,0.42509249999999993,,1.1935,,,0.7099044749999999,L001,P018,T4
110,2026-06-20 00:00:00,0.55,,0.42509249999999993,,1.1935,,,0.7099044749999999,L001,P018,T4
120,2026-06-30 00:00:00,0.55,,0.42509249999999993,1.8,1.1935,,,0.7099044749999999,L001,P018,T4
130,2026-07-10 00:00:00,0.55,,0.42509249999999993,,1.1935,,,0.7099044749999999,L001,P018,T4
140,2026-07-20 00:00:00,0.55,,0.42509249999999993,,1.1935,,,0.7099044749999999,L001,P018,T4
150,2026-07-30 00:00:00,0.55,,0.42509249999999993,,1.1935,,,0.7099044749999999,L001,P018,T4
160,2026-08-09 00:00:00,0.227725,,0.40484999999999993,,0.49416325,,,0.6760994999999999,L001,P018,T4
170,2026-08-19 00:00:00,0.227725,,0.40484999999999993,,0.49416325,,,0.6760994999999999,L001,P018,T4
180,2026-08-29 00:00:00,0.227725,,0.40484999999999993,,0.49416325,,,0.6760994999999999,L001,P018,T4
190,2026-09-08 00:00:00,0.227725,,0.40484999999999993,,0.49416325,,,0.6760994999999999,L001,P018,T4
200,2026-09-18 00:00:00,0.227725,,0.40484999999999993,,0.49416325,,,0.6760994999999999,L001,P018,T4
210,2026-09-28 00:00:00,0.227725,,0.40484999999999993,,0.49416325,,,0.6760994999999999,L001,P018,T4
220,2026-10-08 00:00:00,0.227725,,0.40484999999999993,,0.49416325,,,0.6760994999999999,L001,P018,T4
230,2026-10-18 00:00:00,0.227725,,0.40484999999999993,,0.49416325,,,0.6760994999999999,L001,P018,T4
240,2026-10-28 00:00:00,0.227725,,0.40484999999999993,,0.49416325,,,0.6760994999999999,L001,P018,T4
1,2026-03-02 00:00:00,0.72,1.83,,1.8,,,4,,L001,P005,T5
10,2026-03-12 00:00:00,,,,,,,,,L001,P005,T5
20,2026-03-22 00:00:00,,,,,,,,,L001,P005,T5
30,2026-04-01 00:00:00,,,,,,,,,L001,P005,T5
40,2026-04-11 00:00:00,0.3583,0.3,0.1821825,,0.6493942,0.49199999999999994,,0.30424477499999997,L001,P005,T5
50,2026-04-21 00:00:00,0.3583,0.3,0.1821825,,0.6493942,0.49199999999999994,,0.30424477499999997,L001,P005,T5
60,2026-05-01 00:00:00,0.3583,0.3,0.1821825,,0.6493942,0.49199999999999994,,0.30424477499999997,L001,P005,T5
70,2026-05-11 00:00:00,0.3583,0.3,0.1821825,,0.6493942,0.49199999999999994,,0.30424477499999997,L001,P005,T5
80,2026-05-21 00:00:00,0.3583,0.3,0.1821825,,0.6493942,0.49199999999999994,,0.30424477499999997,L001,P005,T5
90,2026-05-31 00:00:00,0.3583,0.3,0.1821825,,0.6493942,0.49199999999999994,,0.30424477499999997,L001,P005,T5
100,2026-06-10 00:00:00,0.5466,,0.42509249999999993,,1.186122,,,0.7099044749999999,L001,P005,T5
110,2026-06-20 00:00:00,0.5466,,0.42509249999999993,,1.186122,,,0.7099044749999999,L001,P005,T5
120,2026-06-30 00:00:00,0.5466,,0.42509249999999993,1.8,1.186122,,,0.7099044749999999,L001,P005,T5
130,2026-07-10 00:00:00,0.5466,,0.42509249999999993,,1.186122,,,0.7099044749999999,L001,P005,T5
140,2026-07-20 00:00:00,0.5466,,0.42509249999999993,,1.186122,,,0.7099044749999999,L001,P005,T5
150,2026-07-30 00:00:00,0.5466,,0.42509249999999993,,1.186122,,,0.7099044749999999,L001,P005,T5
160,2026-08-09 00:00:00,0.227725,,0.40484999999999993,,0.49416325,,,0.6760994999999999,L001,P005,T5
170,2026-08-19 00:00:00,0.2277,,0.40484999999999993,,0.494109,,,0.6760994999999999,L001,P005,T5
180,2026-08-29 00:00:00,0.227725,,0.40484999999999993,,0.49416325,,,0.6760994999999999,L001,P005,T5
190,2026-09-08 00:00:00,0.227725,,0.40484999999999993,,0.49416325,,,0.6760994999999999,L001,P005,T5
200,2026-09-18 00:00:00,0.227725,,0.40484999999999993,,0.49416325,,,0.6760994999999999,L001,P005,T5
210,2026-09-28 00:00:00,0.227725,,0.40484999999999993,,0.49416325,,,0.6760994999999999,L001,P005,T5
220,2026-10-08 00:00:00,0.227725,,0.40484999999999993,,0.49416325,,,0.6760994999999999,L001,P005,T5
230,2026-10-18 00:00:00,0.227725,,0.40484999999999993,,0.49416325,,,0.6760994999999999,L001,P005,T5
240,2026-10-28 00:00:00,0.227725,,0.40484999999999993,,0.49416325,,,0.6760994999999999,L001,P005,T5
1,2026-03-02 00:00:00,0.72,1.83,,1.8,,,4,,L001,P019,T5
10,2026-03-12 00:00:00,,,,,,,,,L001,P019,T5
20,2026-03-22 00:00:00,,,,,,,,,L001,P019,T5
30,2026-04-01 00:00:00,,,,,,,,,L001,P019,T5
40,2026-04-11 00:00:00,0.3583,0.3,0.1821825,,0.6493942,0.49199999999999994,,0.30424477499999997,L001,P019,T5
50,2026-04-21 00:00:00,0.3583,0.3,0.1821825,,0.6493942,0.49199999999999994,,0.30424477499999997,L001,P019,T5
60,2026-05-01 00:00:00,0.3583,0.3,0.1821825,,0.6493942,0.49199999999999994,,0.30424477499999997,L001,P019,T5
70,2026-05-11 00:00:00,0.3583,0.3,0.1821825,,0.6493942,0.49199999999999994,,0.30424477499999997,L001,P019,T5
80,2026-05-21 00:00:00,0.3583,0.3,0.1821825,,0.6493942,0.49199999999999994,,0.30424477499999997,L001,P019,T5
90,2026-05-31 00:00:00,0.3583,0.3,0.1821825,,0.6493942,0.49199999999999994,,0.30424477499999997,L001,P019,T5
100,2026-06-10 00:00:00,0.5466,,0.42509249999999993,,1.186122,,,0.7099044749999999,L001,P019,T5
110,2026-06-20 00:00:00,0.5466,,0.42509249999999993,,1.186122,,,0.7099044749999999,L001,P019,T5
120,2026-06-30 00:00:00,0.5466,,0.42509249999999993,1.8,1.186122,,,0.7099044749999999,L001,P019,T5
130,2026-07-10 00:00:00,0.5466,,0.42509249999999993,,1.186122,,,0.7099044749999999,L001,P019,T5
140,2026-07-20 00:00:00,0.5466,,0.42509249999999993,,1.186122,,,0.7099044749999999,L001,P019,T5
150,2026-07-30 00:00:00,0.5466,,0.42509249999999993,,1.186122,,,0.7099044749999999,L001,P019,T5
160,2026-08-09 00:00:00,0.227725,,0.40484999999999993,,0.49416325,,,0.6760994999999999,L001,P019,T5
170,2026-08-19 00:00:00,0.2277,,0.40484999999999993,,0.494109,,,0.6760994999999999,L001,P019,T5
180,2026-08-29 00:00:00,0.227725,,0.40484999999999993,,0.49416325,,,0.6760994999999999,L001,P019,T5
190,2026-09-08 00:00:00,0.227725,,0.40484999999999993,,0.49416325,,,0.6760994999999999,L001,P019,T5
200,2026-09-18 00:00:00,0.227725,,0.40484999999999993,,0.49416325,,,0.6760994999999999,L001,P019,T5
210,2026-09-28 00:00:00,0.227725,,0.40484999999999993,,0.49416325,,,0.6760994999999999,L001,P019,T5
220,2026-10-08 00:00:00,0.227725,,0.40484999999999993,,0.49416325,,,0.6760994999999999,L001,P019,T5
230,2026-10-18 00:00:00,0.227725,,0.40484999999999993,,0.49416325,,,0.6760994999999999,L001,P019,T5
240,2026-10-28 00:00:00,0.227725,,0.40484999999999993,,0.49416325,,,0.6760994999999999,L001,P019,T5
1,2026-03-02 00:00:00,0.7146,1.83,,1.8,,,3.97,,L001,P006,T6
10,2026-03-12 00:00:00,,,,,,,,,L001,P006,T6
20,2026-03-22 00:00:00,,,,,,,,,L001,P006,T6
30,2026-04-01 00:00:00,,,,,,,,,L001,P006,T6
40,2026-04-11 00:00:00,0.36,0.3,0.1821825,,0.6530832,0.49199999999999994,,0.30424477499999997,L001,P006,T6
50,2026-04-21 00:00:00,0.36,0.3,0.1821825,,0.6530832,0.49199999999999994,,0.30424477499999997,L001,P006,T6
60,2026-05-01 00:00:00,0.36,0.3,0.1821825,,0.6530832,0.49199999999999994,,0.30424477499999997,L001,P006,T6
70,2026-05-11 00:00:00,0.36,0.3,0.1821825,,0.6530832,0.49199999999999994,,0.30424477499999997,L001,P006,T6
80,2026-05-21 00:00:00,0.36,0.3,0.1821825,,0.6530832,0.49199999999999994,,0.30424477499999997,L001,P006,T6
90,2026-05-31 00:00:00,0.36,0.3,0.1821825,,0.6530832,0.49199999999999994,,0.30424477499999997,L001,P006,T6
100,2026-06-10 00:00:00,0.54654,,0.42509249999999993,,1.1859918,,,0.7099044749999999,L001,P006,T6
110,2026-06-20 00:00:00,0.54654,,0.42509249999999993,,1.1859918,,,0.7099044749999999,L001,P006,T6
120,2026-06-30 00:00:00,0.54654,,0.42509249999999993,1.8,1.1859918,,,0.7099044749999999,L001,P006,T6
130,2026-07-10 00:00:00,0.54654,,0.42509249999999993,,1.1859918,,,0.7099044749999999,L001,P006,T6
140,2026-07-20 00:00:00,0.54654,,0.42509249999999993,,1.1859918,,,0.7099044749999999,L001,P006,T6
150,2026-07-30 00:00:00,0.54654,,0.42509249999999993,,1.1859918,,,0.7099044749999999,L001,P006,T6
160,2026-08-09 00:00:00,0.227725,,0.40484999999999993,,0.49416325,,,0.6760994999999999,L001,P006,T6
170,2026-08-19 00:00:00,0.227725,,0.40484999999999993,,0.49416325,,,0.6760994999999999,L001,P006,T6
180,2026-08-29 00:00:00,0.227725,,0.40484999999999993,,0.49416325,,,0.6760994999999999,L001,P006,T6
190,2026-09-08 00:00:00,0.227725,,0.40484999999999993,,0.49416325,,,0.6760994999999999,L001,P006,T6
200,2026-09-18 00:00:00,0.227725,,0.40484999999999993,,0.49416325,,,0.6760994999999999,L001,P006,T6
210,2026-09-28 00:00:00,0.227725,,0.40484999999999993,,0.49416325,,,0.6760994999999999,L001,P006,T6
220,2026-10-08 00:00:00,0.227725,,0.40484999999999993,,0.49416325,,,0.6760994999999999,L001,P006,T6
230,2026-10-18 00:00:00,0.227725,,0.40484999999999993,,0.49416325,,,0.6760994999999999,L001,P006,T6
240,2026-10-28 00:00:00,0.227725,,0.40484999999999993,,0.49416325,,,0.6760994999999999,L001,P006,T6
1,2026-03-02 00:00:00,0.7146,1.83,,1.8,,,3.97,,L001,P020,T6
10,2026-03-12 00:00:00,,,,,,,,,L001,P020,T6
20,2026-03-22 00:00:00,,,,,,,,,L001,P020,T6
30,2026-04-01 00:00:00,,,,,,,,,L001,P020,T6
40,2026-04-11 00:00:00,0.36,0.3,0.1821825,,0.6530832,0.49199999999999994,,0.30424477499999997,L001,P020,T6
50,2026-04-21 00:00:00,0.36,0.3,0.1821825,,0.6530832,0.49199999999999994,,0.30424477499999997,L001,P020,T6
60,2026-05-01 00:00:00,0.36,0.3,0.1821825,,0.6530832,0.49199999999999994,,0.30424477499999997,L001,P020,T6
70,2026-05-11 00:00:00,0.36,0.3,0.1821825,,0.6530832,0.49199999999999994,,0.30424477499999997,L001,P020,T6
80,2026-05-21 00:00:00,0.36,0.3,0.1821825,,0.6530832,0.49199999999999994,,0.30424477499999997,L001,P020,T6
90,2026-05-31 00:00:00,0.36,0.3,0.1821825,,0.6530832,0.49199999999999994,,0.30424477499999997,L001,P020,T6
100,2026-06-10 00:00:00,0.54654,,0.42509249999999993,,1.1859918,,,0.7099044749999999,L001,P020,T6
110,2026-06-20 00:00:00,0.54654,,0.42509249999999993,,1.1859918,,,0.7099044749999999,L001,P020,T6
120,2026-06-30 00:00:00,0.54654,,0.42509249999999993,1.8,1.1859918,,,0.7099044749999999,L001,P020,T6
130,2026-07-10 00:00:00,0.54654,,0.42509249999999993,,1.1859918,,,0.7099044749999999,L001,P020,T6
140,2026-07-20 00:00:00,0.54654,,0.42509249999999993,,1.1859918,,,0.7099044749999999,L001,P020,T6
150,2026-07-30 00:00:00,0.54654,,0.42509249999999993,,1.1859918,,,0.7099044749999999,L001,P020,T6
160,2026-08-09 00:00:00,0.227725,,0.40484999999999993,,0.49416325,,,0.6760994999999999,L001,P020,T6
170,2026-08-19 00:00:00,0.227725,,0.40484999999999993,,0.49416325,,,0.6760994999999999,L001,P020,T6
180,2026-08-29 00:00:00,0.227725,,0.40484999999999993,,0.49416325,,,0.6760994999999999,L001,P020,T6
190,2026-09-08 00:00:00,0.227725,,0.40484999999999993,,0.49416325,,,0.6760994999999999,L001,P020,T6
200,2026-09-18 00:00:00,0.227725,,0.40484999999999993,,0.49416325,,,0.6760994999999999,L001,P020,T6
210,2026-09-28 00:00:00,0.227725,,0.40484999999999993,,0.49416325,,,0.6760994999999999,L001,P020,T6
220,2026-10-08 00:00:00,0.227725,,0.40484999999999993,,0.49416325,,,0.6760994999999999,L001,P020,T6
230,2026-10-18 00:00:00,0.227725,,0.40484999999999993,,0.49416325,,,0.6760994999999999,L001,P020,T6
240,2026-10-28 00:00:00,0.227725,,0.40484999999999993,,0.49416325,,,0.6760994999999999,L001,P020,T6
1,2026-03-02 00:00:00,0.7146,1.83,,1.8,,,3.97,,L001,P007,T7
10,2026-03-12 00:00:00,,,,,,,,,L001,P007,T7
20,2026-03-22 00:00:00,,,,,,,,,L001,P007,T7
30,2026-04-01 00:00:00,,,,,,,,,L001,P007,T7
40,2026-04-11 00:00:00,0.36,0.3,0.1821825,,0.6530832,0.49199999999999994,,0.30424477499999997,L001,P007,T7
50,2026-04-21 00:00:00,0.36,0.3,0.1821825,,0.6530832,0.49199999999999994,,0.30424477499999997,L001,P007,T7
60,2026-05-01 00:00:00,0.36,0.3,0.1821825,,0.6530832,0.49199999999999994,,0.30424477499999997,L001,P007,T7
70,2026-05-11 00:00:00,0.36,0.3,0.1821825,,0.6530832,0.49199999999999994,,0.30424477499999997,L001,P007,T7
80,2026-05-21 00:00:00,0.36,0.3,0.1821825,,0.6530832,0.49199999999999994,,0.30424477499999997,L001,P007,T7
90,2026-05-31 00:00:00,0.36,0.3,0.1821825,,0.6530832,0.49199999999999994,,0.30424477499999997,L001,P007,T7
100,2026-06-10 00:00:00,0.54654,,0.42509249999999993,,1.1859918,,,0.7099044749999999,L001,P007,T7
110,2026-06-20 00:00:00,0.54654,,0.42509249999999993,,1.1859918,,,0.7099044749999999,L001,P007,T7
120,2026-06-30 00:00:00,0.54654,,0.42509249999999993,1.8,1.1859918,,,0.7099044749999999,L001,P007,T7
130,2026-07-10 00:00:00,0.54654,,0.42509249999999993,,1.1859918,,,0.7099044749999999,L001,P007,T7
140,2026-07-20 00:00:00,0.54654,,0.42509249999999993,,1.1859918,,,0.7099044749999999,L001,P007,T7
150,2026-07-30 00:00:00,0.54654,,0.42509249999999993,,1.1859918,,,0.7099044749999999,L001,P007,T7
160,2026-08-09 00:00:00,0.227725,,0.40484999999999993,,0.49416325,,,0.6760994999999999,L001,P007,T7
170,2026-08-19 00:00:00,0.227725,,0.40484999999999993,,0.49416325,,,0.6760994999999999,L001,P007,T7
180,2026-08-29 00:00:00,0.227725,,0.40484999999999993,,0.49416325,,,0.6760994999999999,L001,P007,T7
190,2026-09-08 00:00:00,0.227725,,0.40484999999999993,,0.49416325,,,0.6760994999999999,L001,P007,T7
200,2026-09-18 00:00:00,0.227725,,0.40484999999999993,,0.49416325,,,0.6760994999999999,L001,P007,T7
210,2026-09-28 00:00:00,0.227725,,0.40484999999999993,,0.49416325,,,0.6760994999999999,L001,P007,T7
220,2026-10-08 00:00:00,0.227725,,0.40484999999999993,,0.49416325,,,0.6760994999999999,L001,P007,T7
230,2026-10-18 00:00:00,0.227725,,0.40484999999999993,,0.49416325,,,0.6760994999999999,L001,P007,T7
240,2026-10-28 00:00:00,0.227725,,0.40484999999999993,,0.49416325,,,0.6760994999999999,L001,P007,T7
1,2026-03-02 00:00:00,0.7146,1.83,,1.8,,,3.97,,L001,P021,T7
10,2026-03-12 00:00:00,,,,,,,,,L001,P021,T7
20,2026-03-22 00:00:00,,,,,,,,,L001,P021,T7
30,2026-04-01 00:00:00,,,,,,,,,L001,P021,T7
40,2026-04-11 00:00:00,0.36,0.3,0.1821825,,0.6530832,0.49199999999999994,,0.30424477499999997,L001,P021,T7
50,2026-04-21 00:00:00,0.36,0.3,0.1821825,,0.6530832,0.49199999999999994,,0.30424477499999997,L001,P021,T7
60,2026-05-01 00:00:00,0.36,0.3,0.1821825,,0.6530832,0.49199999999999994,,0.30424477499999997,L001,P021,T7
70,2026-05-11 00:00:00,0.36,0.3,0.1821825,,0.6530832,0.49199999999999994,,0.30424477499999997,L001,P021,T7
80,2026-05-21 00:00:00,0.36,0.3,0.1821825,,0.6530832,0.49199999999999994,,0.30424477499999997,L001,P021,T7
90,2026-05-31 00:00:00,0.36,0.3,0.1821825,,0.6530832,0.49199999999999994,,0.30424477499999997,L001,P021,T7
100,2026-06-10 00:00:00,0.54654,,0.42509249999999993,,1.1859918,,,0.7099044749999999,L001,P021,T7
110,2026-06-20 00:00:00,0.54654,,0.42509249999999993,,1.1859918,,,0.7099044749999999,L001,P021,T7
120,2026-06-30 00:00:00,0.54654,,0.42509249999999993,1.8,1.1859918,,,0.7099044749999999,L001,P021,T7
130,2026-07-10 00:00:00,0.54654,,0.42509249999999993,,1.1859918,,,0.7099044749999999,L001,P021,T7
140,2026-07-20 00:00:00,0.54654,,0.42509249999999993,,1.1859918,,,0.7099044749999999,L001,P021,T7
150,2026-07-30 00:00:00,0.54654,,0.42509249999999993,,1.1859918,,,0.7099044749999999,L001,P021,T7
160,2026-08-09 00:00:00,0.227725,,0.40484999999999993,,0.49416325,,,0.6760994999999999,L001,P021,T7
170,2026-08-19 00:00:00,0.227725,,0.40484999999999993,,0.49416325,,,0.6760994999999999,L001,P021,T7
180,2026-08-29 00:00:00,0.227725,,0.40484999999999993,,0.49416325,,,0.6760994999999999,L001,P021,T7
190,2026-09-08 00:00:00,0.227725,,0.40484999999999993,,0.49416325,,,0.6760994999999999,L001,P021,T7
200,2026-09-18 00:00:00,0.227725,,0.40484999999999993,,0.49416325,,,0.6760994999999999,L001,P021,T7
210,2026-09-28 00:00:00,0.227725,,0.40484999999999993,,0.49416325,,,0.6760994999999999,L001,P021,T7
220,2026-10-08 00:00:00,0.227725,,0.40484999999999993,,0.49416325,,,0.6760994999999999,L001,P021,T7
230,2026-10-18 00:00:00,0.227725,,0.40484999999999993,,0.49416325,,,0.6760994999999999,L001,P021,T7
240,2026-10-28 00:00:00,0.227725,,0.40484999999999993,,0.49416325,,,0.6760994999999999,L001,P021,T7
1,2026-03-02 00:00:00,2.3,5.9,,1.8,,,12.96,,L001,P008,T8
10,2026-03-12 00:00:00,,,,,,,,,L001,P008,T8
20,2026-03-22 00:00:00,,,,,,,,,L001,P008,T8
30,2026-04-01 00:00:00,,,,,,,,,L001,P008,T8
40,2026-04-11 00:00:00,0.39,0.3,0.20495249999999998,,0.7181832,0.49199999999999994,,0.34227067499999997,L001,P008,T8
50,2026-04-21 00:00:00,0.39,0.3,0.20495249999999998,,0.7181832,0.49199999999999994,,0.34227067499999997,L001,P008,T8
60,2026-05-01 00:00:00,0.39,0.3,0.20495249999999998,,0.7181832,0.49199999999999994,,0.34227067499999997,L001,P008,T8
70,2026-05-11 00:00:00,0.39,0.3,0.20495249999999998,,0.7181832,0.49199999999999994,,0.34227067499999997,L001,P008,T8
80,2026-05-21 00:00:00,0.39,0.3,0.20495249999999998,,0.7181832,0.49199999999999994,,0.34227067499999997,L001,P008,T8
90,2026-05-31 00:00:00,0.39,0.3,0.20495249999999998,,0.7181832,0.49199999999999994,,0.34227067499999997,L001,P008,T8
100,2026-06-10 00:00:00,0.82,,0.4782225,,1.78,,,0.7986315749999999,L001,P008,T8
110,2026-06-20 00:00:00,0.82,,0.4782225,,1.78,,,0.7986315749999999,L001,P008,T8
120,2026-06-30 00:00:00,0.82,,0.4782225,1.8,1.78,,,0.7986315749999999,L001,P008,T8
130,2026-07-10 00:00:00,0.82,,0.4782225,,1.78,,,0.7986315749999999,L001,P008,T8
140,2026-07-20 00:00:00,0.82,,0.4782225,,1.78,,,0.7986315749999999,L001,P008,T8
150,2026-07-30 00:00:00,0.82,,0.4782225,,1.78,,,0.7986315749999999,L001,P008,T8
160,2026-08-09 00:00:00,0.3,,0.45545,,0.6509999999999999,,,0.7606015,L001,P008,T8
170,2026-08-19 00:00:00,0.3,,0.45545,,0.6509999999999999,,,0.7606015,L001,P008,T8
180,2026-08-29 00:00:00,0.3,,0.45545,,0.6509999999999999,,,0.7606015,L001,P008,T8
190,2026-09-08 00:00:00,0.3,,0.45545,,0.6509999999999999,,,0.7606015,L001,P008,T8
200,2026-09-18 00:00:00,0.3,,0.45545,,0.6509999999999999,,,0.7606015,L001,P008,T8
210,2026-09-28 00:00:00,0.3,,0.45545,,0.6509999999999999,,,0.7606015,L001,P008,T8
220,2026-10-08 00:00:00,0.3,,0.45545,,0.6509999999999999,,,0.7606015,L001,P008,T8
230,2026-10-18 00:00:00,0.3,,0.45545,,0.6509999999999999,,,0.7606015,L001,P008,T8
240,2026-10-28 00:00:00,0.3,,0.45545,,0.6509999999999999,,,0.7606015,L001,P008,T8
1,2026-03-02 00:00:00,2.3,5.9,,1.8,,,12.96,,L001,P022,T8
10,2026-03-12 00:00:00,,,,,,,,,L001,P022,T8
20,2026-03-22 00:00:00,,,,,,,,,L001,P022,T8
30,2026-04-01 00:00:00,,,,,,,,,L001,P022,T8
40,2026-04-11 00:00:00,0.39,0.3,0.20495249999999998,,0.7181832,0.49199999999999994,,0.34227067499999997,L001,P022,T8
50,2026-04-21 00:00:00,0.39,0.3,0.20495249999999998,,0.7181832,0.49199999999999994,,0.34227067499999997,L001,P022,T8
60,2026-05-01 00:00:00,0.39,0.3,0.20495249999999998,,0.7181832,0.49199999999999994,,0.34227067499999997,L001,P022,T8
70,2026-05-11 00:00:00,0.39,0.3,0.20495249999999998,,0.7181832,0.49199999999999994,,0.34227067499999997,L001,P022,T8
80,2026-05-21 00:00:00,0.39,0.3,0.20495249999999998,,0.7181832,0.49199999999999994,,0.34227067499999997,L001,P022,T8
90,2026-05-31 00:00:00,0.39,0.3,0.20495249999999998,,0.7181832,0.49199999999999994,,0.34227067499999997,L001,P022,T8
100,2026-06-10 00:00:00,0.82,,0.4782225,,1.78,,,0.7986315749999999,L001,P022,T8
110,2026-06-20 00:00:00,0.82,,0.4782225,,1.78,,,0.7986315749999999,L001,P022,T8
120,2026-06-30 00:00:00,0.82,,0.4782225,1.8,1.78,,,0.7986315749999999,L001,P022,T8
130,2026-07-10 00:00:00,0.82,,0.4782225,,1.78,,,0.7986315749999999,L001,P022,T8
140,2026-07-20 00:00:00,0.82,,0.4782225,,1.78,,,0.7986315749999999,L001,P022,T8
150,2026-07-30 00:00:00,0.82,,0.4782225,,1.78,,,0.7986315749999999,L001,P022,T8
160,2026-08-09 00:00:00,0.3,,0.45545,,0.6509999999999999,,,0.7606015,L001,P022,T8
170,2026-08-19 00:00:00,0.3,,0.45545,,0.6509999999999999,,,0.7606015,L001,P022,T8
180,2026-08-29 00:00:00,0.3,,0.45545,,0.6509999999999999,,,0.7606015,L001,P022,T8
190,2026-09-08 00:00:00,0.3,,0.45545,,0.6509999999999999,,,0.7606015,L001,P022,T8
200,2026-09-18 00:00:00,0.3,,0.45545,,0.6509999999999999,,,0.7606015,L001,P022,T8
210,2026-09-28 00:00:00,0.3,,0.45545,,0.6509999999999999,,,0.7606015,L001,P022,T8
220,2026-10-08 00:00:00,0.3,,0.45545,,0.6509999999999999,,,0.7606015,L001,P022,T8
230,2026-10-18 00:00:00,0.3,,0.45545,,0.6509999999999999,,,0.7606015,L001,P022,T8
240,2026-10-28 00:00:00,0.3,,0.45545,,0.6509999999999999,,,0.7606015,L001,P022,T8
1,2026-03-02 00:00:00,2.3045400000000003,5.9,,1.8,,,12.803,,L001,P010,T10
10,2026-03-12 00:00:00,,,,,,,,,L001,P010,T10
20,2026-03-22 00:00:00,,,,,,,,,L001,P010,T10
30,2026-04-01 00:00:00,,,,,,,,,L001,P010,T10
40,2026-04-11 00:00:00,0.39,0.3,0.20495249999999998,,0.7181832,0.49199999999999994,,0.34227067499999997,L001,P010,T10
50,2026-04-21 00:00:00,0.39,0.3,0.20495249999999998,,0.7181832,0.49199999999999994,,0.34227067499999997,L001,P010,T10
60,2026-05-01 00:00:00,0.39,0.3,0.20495249999999998,,0.7181832,0.49199999999999994,,0.34227067499999997,L001,P010,T10
70,2026-05-11 00:00:00,0.39,0.3,0.20495249999999998,,0.7181832,0.49199999999999994,,0.34227067499999997,L001,P010,T10
80,2026-05-21 00:00:00,0.39,0.3,0.20495249999999998,,0.7181832,0.49199999999999994,,0.34227067499999997,L001,P010,T10
90,2026-05-31 00:00:00,0.39,0.3,0.20495249999999998,,0.7181832,0.49199999999999994,,0.34227067499999997,L001,P010,T10
100,2026-06-10 00:00:00,0.8197800000000001,,0.4782225,,1.7789226,,,0.7986315749999999,L001,P010,T10
110,2026-06-20 00:00:00,0.82,,0.4782225,,1.7793999999999999,,,0.7986315749999999,L001,P010,T10
120,2026-06-30 00:00:00,0.82,,0.4782225,1.8,1.7793999999999999,,,0.7986315749999999,L001,P010,T10
130,2026-07-10 00:00:00,0.82,,0.4782225,,1.7793999999999999,,,0.7986315749999999,L001,P010,T10
140,2026-07-20 00:00:00,0.82,,0.4782225,,1.7793999999999999,,,0.7986315749999999,L001,P010,T10
150,2026-07-30 00:00:00,0.82,,0.4782225,,1.7793999999999999,,,0.7986315749999999,L001,P010,T10
160,2026-08-09 00:00:00,0.34157499999999996,,0.45545,,0.7412177499999999,,,0.7606015,L001,P010,T10
170,2026-08-19 00:00:00,0.3,,0.45545,,0.6509999999999999,,,0.7606015,L001,P010,T10
180,2026-08-29 00:00:00,0.3,,0.45545,,0.6509999999999999,,,0.7606015,L001,P010,T10
190,2026-09-08 00:00:00,0.3,,0.45545,,0.6509999999999999,,,0.7606015,L001,P010,T10
200,2026-09-18 00:00:00,0.3,,0.45545,,0.6509999999999999,,,0.7606015,L001,P010,T10
210,2026-09-28 00:00:00,0.3,,0.45545,,0.6509999999999999,,,0.7606015,L001,P010,T10
220,2026-10-08 00:00:00,0.3,,0.45545,,0.6509999999999999,,,0.7606015,L001,P010,T10
230,2026-10-18 00:00:00,0.3,,0.45545,,0.6509999999999999,,,0.7606015,L001,P010,T10
240,2026-10-28 00:00:00,0.3,,0.45545,,0.6509999999999999,,,0.7606015,L001,P010,T10
1,2026-03-02 00:00:00,2.3045400000000003,5.9,,1.8,,,12.803,,L001,P024,T10
10,2026-03-12 00:00:00,,,,,,,,,L001,P024,T10
20,2026-03-22 00:00:00,,,,,,,,,L001,P024,T10
30,2026-04-01 00:00:00,,,,,,,,,L001,P024,T10
40,2026-04-11 00:00:00,0.39,0.3,0.20495249999999998,,0.7181832,0.49199999999999994,,0.34227067499999997,L001,P024,T10
50,2026-04-21 00:00:00,0.39,0.3,0.20495249999999998,,0.7181832,0.49199999999999994,,0.34227067499999997,L001,P024,T10
60,2026-05-01 00:00:00,0.39,0.3,0.20495249999999998,,0.7181832,0.49199999999999994,,0.34227067499999997,L001,P024,T10
70,2026-05-11 00:00:00,0.39,0.3,0.20495249999999998,,0.7181832,0.49199999999999994,,0.34227067499999997,L001,P024,T10
80,2026-05-21 00:00:00,0.39,0.3,0.20495249999999998,,0.7181832,0.49199999999999994,,0.34227067499999997,L001,P024,T10
90,2026-05-31 00:00:00,0.39,0.3,0.20495249999999998,,0.7181832,0.49199999999999994,,0.34227067499999997,L001,P024,T10
100,2026-06-10 00:00:00,0.8197800000000001,,0.4782225,,1.7789226,,,0.7986315749999999,L001,P024,T10
110,2026-06-20 00:00:00,0.82,,0.4782225,,1.7793999999999999,,,0.7986315749999999,L001,P024,T10
120,2026-06-30 00:00:00,0.82,,0.4782225,1.8,1.7793999999999999,,,0.7986315749999999,L001,P024,T10
130,2026-07-10 00:00:00,0.82,,0.4782225,,1.7793999999999999,,,0.7986315749999999,L001,P024,T10
140,2026-07-20 00:00:00,0.82,,0.4782225,,1.7793999999999999,,,0.7986315749999999,L001,P024,T10
150,2026-07-30 00:00:00,0.82,,0.4782225,,1.7793999999999999,,,0.7986315749999999,L001,P024,T10
160,2026-08-09 00:00:00,0.34157499999999996,,0.45545,,0.7412177499999999,,,0.7606015,L001,P024,T10
170,2026-08-19 00:00:00,0.3,,0.45545,,0.6509999999999999,,,0.7606015,L001,P024,T10
180,2026-08-29 00:00:00,0.3,,0.45545,,0.6509999999999999,,,0.7606015,L001,P024,T10
190,2026-09-08 00:00:00,0.3,,0.45545,,0.6509999999999999,,,0.7606015,L001,P024,T10
200,2026-09-18 00:00:00,0.3,,0.45545,,0.6509999999999999,,,0.7606015,L001,P024,T10
210,2026-09-28 00:00:00,0.3,,0.45545,,0.6509999999999999,,,0.7606015,L001,P024,T10
220,2026-10-08 00:00:00,0.3,,0.45545,,0.6509999999999999,,,0.7606015,L001,P024,T10
230,2026-10-18 00:00:00,0.3,,0.45545,,0.6509999999999999,,,0.7606015,L001,P024,T10
240,2026-10-28 00:00:00,0.3,,0.45545,,0.6509999999999999,,,0.7606015,L001,P024,T10
1,2026-03-02 00:00:00,2.3045400000000003,5.9,,1.8,,,12.803,,L001,P011,T11
10,2026-03-12 00:00:00,,,,,,,,,L001,P011,T11
20,2026-03-22 00:00:00,,,,,,,,,L001,P011,T11
30,2026-04-01 00:00:00,,,,,,,,,L001,P011,T11
40,2026-04-11 00:00:00,0.39,0.3,0.20495249999999998,,0.7181832,0.49199999999999994,,0.34227067499999997,L001,P011,T11
50,2026-04-21 00:00:00,0.39,0.3,0.20495249999999998,,0.7181832,0.49199999999999994,,0.34227067499999997,L001,P011,T11
60,2026-05-01 00:00:00,0.39,0.3,0.20495249999999998,,0.7181832,0.49199999999999994,,0.34227067499999997,L001,P011,T11
70,2026-05-11 00:00:00,0.39,0.3,0.20495249999999998,,0.7181832,0.49199999999999994,,0.34227067499999997,L001,P011,T11
80,2026-05-21 00:00:00,0.39,0.3,0.20495249999999998,,0.7181832,0.49199999999999994,,0.34227067499999997,L001,P011,T11
90,2026-05-31 00:00:00,0.39,0.3,0.20495249999999998,,0.7181832,0.49199999999999994,,0.34227067499999997,L001,P011,T11
100,2026-06-10 00:00:00,0.82,,0.4782225,,1.7793999999999999,,,0.7986315749999999,L001,P011,T11
110,2026-06-20 00:00:00,0.82,,0.4782225,,1.7793999999999999,,,0.7986315749999999,L001,P011,T11
120,2026-06-30 00:00:00,0.82,,0.4782225,1.8,1.7793999999999999,,,0.7986315749999999,L001,P011,T11
130,2026-07-10 00:00:00,0.82,,0.4782225,,1.7793999999999999,,,0.7986315749999999,L001,P011,T11
140,2026-07-20 00:00:00,0.82,,0.4782225,,1.7793999999999999,,,0.7986315749999999,L001,P011,T11
150,2026-07-30 00:00:00,0.82,,0.4782225,,1.7793999999999999,,,0.7986315749999999,L001,P011,T11
160,2026-08-09 00:00:00,0.3,,0.45545,,0.6509999999999999,,,0.7606015,L001,P011,T11
170,2026-08-19 00:00:00,0.3,,0.45545,,0.6509999999999999,,,0.7606015,L001,P011,T11
180,2026-08-29 00:00:00,0.3,,0.45545,,0.6509999999999999,,,0.7606015,L001,P011,T11
190,2026-09-08 00:00:00,0.3,,0.45545,,0.6509999999999999,,,0.7606015,L001,P011,T11
200,2026-09-18 00:00:00,0.3,,0.45545,,0.6509999999999999,,,0.7606015,L001,P011,T11
210,2026-09-28 00:00:00,0.3,,0.45545,,0.6509999999999999,,,0.7606015,L001,P011,T11
220,2026-10-08 00:00:00,0.3,,0.45545,,0.6509999999999999,,,0.7606015,L001,P011,T11
230,2026-10-18 00:00:00,0.3,,0.45545,,0.6509999999999999,,,0.7606015,L001,P011,T11
240,2026-10-28 00:00:00,0.3,,0.45545,,0.6509999999999999,,,0.7606015,L001,P011,T11
1,2026-03-02 00:00:00,2.3045400000000003,5.9,,1.8,,,12.803,,L001,P025,T11
10,2026-03-12 00:00:00,,,,,,,,,L001,P025,T11
20,2026-03-22 00:00:00,,,,,,,,,L001,P025,T11
30,2026-04-01 00:00:00,,,,,,,,,L001,P025,T11
40,2026-04-11 00:00:00,0.39,0.3,0.20495249999999998,,0.7181832,0.49199999999999994,,0.34227067499999997,L001,P025,T11
50,2026-04-21 00:00:00,0.39,0.3,0.20495249999999998,,0.7181832,0.49199999999999994,,0.34227067499999997,L001,P025,T11
60,2026-05-01 00:00:00,0.39,0.3,0.20495249999999998,,0.7181832,0.49199999999999994,,0.34227067499999997,L001,P025,T11
70,2026-05-11 00:00:00,0.39,0.3,0.20495249999999998,,0.7181832,0.49199999999999994,,0.34227067499999997,L001,P025,T11
80,2026-05-21 00:00:00,0.39,0.3,0.20495249999999998,,0.7181832,0.49199999999999994,,0.34227067499999997,L001,P025,T11
90,2026-05-31 00:00:00,0.39,0.3,0.20495249999999998,,0.7181832,0.49199999999999994,,0.34227067499999997,L001,P025,T11
100,2026-06-10 00:00:00,0.82,,0.4782225,,1.7793999999999999,,,0.7986315749999999,L001,P025,T11
110,2026-06-20 00:00:00,0.82,,0.4782225,,1.7793999999999999,,,0.7986315749999999,L001,P025,T11
120,2026-06-30 00:00:00,0.82,,0.4782225,1.8,1.7793999999999999,,,0.7986315749999999,L001,P025,T11
130,2026-07-10 00:00:00,0.82,,0.4782225,,1.7793999999999999,,,0.7986315749999999,L001,P025,T11
140,2026-07-20 00:00:00,0.82,,0.4782225,,1.7793999999999999,,,0.7986315749999999,L001,P025,T11
150,2026-07-30 00:00:00,0.82,,0.4782225,,1.7793999999999999,,,0.7986315749999999,L001,P025,T11
160,2026-08-09 00:00:00,0.3,,0.45545,,0.6509999999999999,,,0.7606015,L001,P025,T11
170,2026-08-19 00:00:00,0.3,,0.45545,,0.6509999999999999,,,0.7606015,L001,P025,T11
180,2026-08-29 00:00:00,0.3,,0.45545,,0.6509999999999999,,,0.7606015,L001,P025,T11
190,2026-09-08 00:00:00,0.3,,0.45545,,0.6509999999999999,,,0.7606015,L001,P025,T11
200,2026-09-18 00:00:00,0.3,,0.45545,,0.6509999999999999,,,0.7606015,L001,P025,T11
210,2026-09-28 00:00:00,0.3,,0.45545,,0.6509999999999999,,,0.7606015,L001,P025,T11
220,2026-10-08 00:00:00,0.3,,0.45545,,0.6509999999999999,,,0.7606015,L001,P025,T11
230,2026-10-18 00:00:00,0.3,,0.45545,,0.6509999999999999,,,0.7606015,L001,P025,T11
240,2026-10-28 00:00:00,0.3,,0.45545,,0.6509999999999999,,,0.7606015,L001,P025,T11
1,2026-03-02 00:00:00,0.1432,0.36,,1.8,,,0.796,,L001,P012,T12
10,2026-03-12 00:00:00,0.476,,,,1.04,,,,L001,P012,T12
20,2026-03-22 00:00:00,0.476,,,,1.04,,,,L001,P012,T12
30,2026-04-01 00:00:00,0.476,,,,1.04,,,,L001,P012,T12
40,2026-04-11 00:00:00,0.65,0.3,0.22135499999999997,,1.41,0.49199999999999994,,0.36966284999999993,L001,P012,T12
50,2026-04-21 00:00:00,0.65,0.3,0.22135499999999997,,1.41,0.49199999999999994,,0.36966284999999993,L001,P012,T12
60,2026-05-01 00:00:00,0.65,0.3,0.22135499999999997,,1.41,0.49199999999999994,,0.36966284999999993,L001,P012,T12
70,2026-05-11 00:00:00,0.65,0.3,0.22135499999999997,,1.41,0.49199999999999994,,0.36966284999999993,L001,P012,T12
80,2026-05-21 00:00:00,0.65,0.3,0.22135499999999997,,1.41,0.49199999999999994,,0.36966284999999993,L001,P012,T12
90,2026-05-31 00:00:00,0.65,0.3,0.22135499999999997,,1.41,0.49199999999999994,,0.36966284999999993,L001,P012,T12
100,2026-06-10 00:00:00,1.03968,,0.5164949999999999,,2.26,,,0.8625466499999999,L001,P012,T12
110,2026-06-20 00:00:00,1.04,,0.5164949999999999,,2.26,,,0.8625466499999999,L001,P012,T12
120,2026-06-30 00:00:00,1.04,,0.5164949999999999,1.8,2.26,,,0.8625466499999999,L001,P012,T12
130,2026-07-10 00:00:00,1.04,,0.5164949999999999,,2.26,,,0.8625466499999999,L001,P012,T12
140,2026-07-20 00:00:00,1.04,,0.5164949999999999,,2.26,,,0.8625466499999999,L001,P012,T12
150,2026-07-30 00:00:00,1.04,,0.5164949999999999,,2.26,,,0.8625466499999999,L001,P012,T12
160,2026-08-09 00:00:00,0.43320000000000003,,0.49189999999999995,,0.93,,,0.8214729999999999,L001,P012,T12
170,2026-08-19 00:00:00,0.43,,0.49189999999999995,,0.93,,,0.8214729999999999,L001,P012,T12
180,2026-08-29 00:00:00,0.43,,0.49189999999999995,,0.93,,,0.8214729999999999,L001,P012,T12
190,2026-09-08 00:00:00,0.43,,0.49189999999999995,,0.93,,,0.8214729999999999,L001,P012,T12
200,2026-09-18 00:00:00,0.43,,0.49189999999999995,,0.93,,,0.8214729999999999,L001,P012,T12
210,2026-09-28 00:00:00,0.43,,0.49189999999999995,,0.93,,,0.8214729999999999,L001,P012,T12
220,2026-10-08 00:00:00,0.43,,0.49189999999999995,,0.93,,,0.8214729999999999,L001,P012,T12
230,2026-10-18 00:00:00,0.43,,0.49189999999999995,,0.93,,,0.8214729999999999,L001,P012,T12
240,2026-10-28 00:00:00,0.43,,0.49189999999999995,,0.93,,,0.8214729999999999,L001,P012,T12
1,2026-03-02 00:00:00,0.1432,0.36,,1.8,,,0.796,,L001,P026,T12
10,2026-03-12 00:00:00,0.476,,,,1.04,,,,L001,P026,T12
20,2026-03-22 00:00:00,0.476,,,,1.04,,,,L001,P026,T12
30,2026-04-01 00:00:00,0.476,,,,1.04,,,,L001,P026,T12
40,2026-04-11 00:00:00,0.65,0.3,0.22135499999999997,,1.41,0.49199999999999994,,0.36966284999999993,L001,P026,T12
50,2026-04-21 00:00:00,0.65,0.3,0.22135499999999997,,1.41,0.49199999999999994,,0.36966284999999993,L001,P026,T12
60,2026-05-01 00:00:00,0.65,0.3,0.22135499999999997,,1.41,0.49199999999999994,,0.36966284999999993,L001,P026,T12
70,2026-05-11 00:00:00,0.65,0.3,0.22135499999999997,,1.41,0.49199999999999994,,0.36966284999999993,L001,P026,T12
80,2026-05-21 00:00:00,0.65,0.3,0.22135499999999997,,1.41,0.49199999999999994,,0.36966284999999993,L001,P026,T12
90,2026-05-31 00:00:00,0.65,0.3,0.22135499999999997,,1.41,0.49199999999999994,,0.36966284999999993,L001,P026,T12
100,2026-06-10 00:00:00,1.03968,,0.5164949999999999,,2.26,,,0.8625466499999999,L001,P026,T12
110,2026-06-20 00:00:00,1.04,,0.5164949999999999,,2.26,,,0.8625466499999999,L001,P026,T12
120,2026-06-30 00:00:00,1.04,,0.5164949999999999,1.8,2.26,,,0.8625466499999999,L001,P026,T12
130,2026-07-10 00:00:00,1.04,,0.5164949999999999,,2.26,,,0.8625466499999999,L001,P026,T12
140,2026-07-20 00:00:00,1.04,,0.5164949999999999,,2.26,,,0.8625466499999999,L001,P026,T12
150,2026-07-30 00:00:00,1.04,,0.5164949999999999,,2.26,,,0.8625466499999999,L001,P026,T12
160,2026-08-09 00:00:00,0.43320000000000003,,0.49189999999999995,,0.93,,,0.8214729999999999,L001,P026,T12
170,2026-08-19 00:00:00,0.43,,0.49189999999999995,,0.93,,,0.8214729999999999,L001,P026,T12
180,2026-08-29 00:00:00,0.43,,0.49189999999999995,,0.93,,,0.8214729999999999,L001,P026,T12
190,2026-09-08 00:00:00,0.43,,0.49189999999999995,,0.93,,,0.8214729999999999,L001,P026,T12
200,2026-09-18 00:00:00,0.43,,0.49189999999999995,,0.93,,,0.8214729999999999,L001,P026,T12
210,2026-09-28 00:00:00,0.43,,0.49189999999999995,,0.93,,,0.8214729999999999,L001,P026,T12
220,2026-10-08 00:00:00,0.43,,0.49189999999999995,,0.93,,,0.8214729999999999,L001,P026,T12
230,2026-10-18 00:00:00,0.43,,0.49189999999999995,,0.93,,,0.8214729999999999,L001,P026,T12
240,2026-10-28 00:00:00,0.43,,0.49189999999999995,,0.93,,,0.8214729999999999,L001,P026,T12
1,2026-03-02 00:00:00,0.5579999999999999,1.42,,1.8,,,3.1,,L001,P013,T13
10,2026-03-12 00:00:00,,,,,,,,,L001,P013,T13
20,2026-03-22 00:00:00,,,,,,,,,L001,P013,T13
30,2026-04-01 00:00:00,,,,,,,,,L001,P013,T13
40,2026-04-11 00:00:00,0.99,0.3,0.29331,,2.152,0.49199999999999994,,0.4898277,L001,P013,T13
50,2026-04-21 00:00:00,0.99,0.3,0.29331,,2.152,0.49199999999999994,,0.4898277,L001,P013,T13
60,2026-05-01 00:00:00,0.99,0.3,0.29331,,2.152,0.49199999999999994,,0.4898277,L001,P013,T13
70,2026-05-11 00:00:00,0.99,0.3,0.29331,,2.152,0.49199999999999994,,0.4898277,L001,P013,T13
80,2026-05-21 00:00:00,0.99,0.3,0.29331,,2.152,0.49199999999999994,,0.4898277,L001,P013,T13
90,2026-05-31 00:00:00,0.99,0.3,0.29331,,2.152,0.49199999999999994,,0.4898277,L001,P013,T13
100,2026-06-10 00:00:00,1.24,,0.6843899999999999,,2.6908,,,1.1429312999999999,L001,P013,T13
110,2026-06-20 00:00:00,1.24,,0.6843899999999999,,2.6908,,,1.1429312999999999,L001,P013,T13
120,2026-06-30 00:00:00,1.24,,0.6843899999999999,1.8,2.6908,,,1.1429312999999999,L001,P013,T13
130,2026-07-10 00:00:00,1.24,,0.6843899999999999,,2.6908,,,1.1429312999999999,L001,P013,T13
140,2026-07-20 00:00:00,1.24,,0.6843899999999999,,2.6908,,,1.1429312999999999,L001,P013,T13
150,2026-07-30 00:00:00,1.24,,0.6843899999999999,,2.6908,,,1.1429312999999999,L001,P013,T13
160,2026-08-09 00:00:00,0.519,,0.6518,,1.12623,,,1.088506,L001,P013,T13
170,2026-08-19 00:00:00,0.519,,0.6518,,1.12623,,,1.088506,L001,P013,T13
180,2026-08-29 00:00:00,0.519,,0.6518,,1.12623,,,1.088506,L001,P013,T13
190,2026-09-08 00:00:00,0.519,,0.6518,,1.12623,,,1.088506,L001,P013,T13
200,2026-09-18 00:00:00,0.519,,0.6518,,1.12623,,,1.088506,L001,P013,T13
210,2026-09-28 00:00:00,0.519,,0.6518,,1.12623,,,1.088506,L001,P013,T13
220,2026-10-08 00:00:00,0.519,,0.6518,,1.12623,,,1.088506,L001,P013,T13
230,2026-10-18 00:00:00,0.519,,0.6518,,1.12623,,,1.088506,L001,P013,T13
240,2026-10-28 00:00:00,0.519,,0.6518,,1.12623,,,1.088506,L001,P013,T13
1,2026-03-02 00:00:00,0.5579999999999999,1.42,,1.8,,,3.1,,L001,P027,T13
10,2026-03-12 00:00:00,,,,,,,,,L001,P027,T13
20,2026-03-22 00:00:00,,,,,,,,,L001,P027,T13
30,2026-04-01 00:00:00,,,,,,,,,L001,P027,T13
40,2026-04-11 00:00:00,0.99,0.3,0.29331,,2.152,0.49199999999999994,,0.4898277,L001,P027,T13
50,2026-04-21 00:00:00,0.99,0.3,0.29331,,2.152,0.49199999999999994,,0.4898277,L001,P027,T13
60,2026-05-01 00:00:00,0.99,0.3,0.29331,,2.152,0.49199999999999994,,0.4898277,L001,P027,T13
70,2026-05-11 00:00:00,0.99,0.3,0.29331,,2.152,0.49199999999999994,,0.4898277,L001,P027,T13
80,2026-05-21 00:00:00,0.99,0.3,0.29331,,2.152,0.49199999999999994,,0.4898277,L001,P027,T13
90,2026-05-31 00:00:00,0.99,0.3,0.29331,,2.152,0.49199999999999994,,0.4898277,L001,P027,T13
100,2026-06-10 00:00:00,1.24,,0.6843899999999999,,2.6908,,,1.1429312999999999,L001,P027,T13
110,2026-06-20 00:00:00,1.24,,0.6843899999999999,,2.6908,,,1.1429312999999999,L001,P027,T13
120,2026-06-30 00:00:00,1.24,,0.6843899999999999,1.8,2.6908,,,1.1429312999999999,L001,P027,T13
130,2026-07-10 00:00:00,1.24,,0.6843899999999999,,2.6908,,,1.1429312999999999,L001,P027,T13
140,2026-07-20 00:00:00,1.24,,0.6843899999999999,,2.6908,,,1.1429312999999999,L001,P027,T13
150,2026-07-30 00:00:00,1.24,,0.6843899999999999,,2.6908,,,1.1429312999999999,L001,P027,T13
160,2026-08-09 00:00:00,0.519,,0.6518,,1.12623,,,1.088506,L001,P027,T13
170,2026-08-19 00:00:00,0.519,,0.6518,,1.12623,,,1.088506,L001,P027,T13
180,2026-08-29 00:00:00,0.519,,0.6518,,1.12623,,,1.088506,L001,P027,T13
190,2026-09-08 00:00:00,0.519,,0.6518,,1.12623,,,1.088506,L001,P027,T13
200,2026-09-18 00:00:00,0.519,,0.6518,,1.12623,,,1.088506,L001,P027,T13
210,2026-09-28 00:00:00,0.519,,0.6518,,1.12623,,,1.088506,L001,P027,T13
220,2026-10-08 00:00:00,0.519,,0.6518,,1.12623,,,1.088506,L001,P027,T13
230,2026-10-18 00:00:00,0.519,,0.6518,,1.12623,,,1.088506,L001,P027,T13
240,2026-10-28 00:00:00,0.519,,0.6518,,1.12623,,,1.088506,L001,P027,T13
1,2026-03-02 00:00:00,3.4,8.6,,1.8,,,18.662,,L001,P014,T14
10,2026-03-12 00:00:00,,,,,,,,,L001,P014,T14
20,2026-03-22 00:00:00,,,,,,,,,L001,P014,T14
30,2026-04-01 00:00:00,,,,,,,,,L001,P014,T14
40,2026-04-11 00:00:00,1.06,0.3,0.26999999999999996,,2.3,0.49199999999999994,,0.4508999999999999,L001,P014,T14
50,2026-04-21 00:00:00,1.06,0.3,0.26999999999999996,,2.3,0.49199999999999994,,0.4508999999999999,L001,P014,T14
60,2026-05-01 00:00:00,1.06,0.3,0.26999999999999996,,2.3,0.49199999999999994,,0.4508999999999999,L001,P014,T14
70,2026-05-11 00:00:00,1.06,0.3,0.26999999999999996,,2.3,0.49199999999999994,,0.4508999999999999,L001,P014,T14
80,2026-05-21 00:00:00,1.06,0.3,0.26999999999999996,,2.3,0.49199999999999994,,0.4508999999999999,L001,P014,T14
90,2026-05-31 00:00:00,1.06,0.3,0.26999999999999996,,2.3,0.49199999999999994,,0.4508999999999999,L001,P014,T14
100,2026-06-10 00:00:00,1.38,,0.6299999999999999,,2.9945999999999997,,,1.0520999999999998,L001,P014,T14
110,2026-06-20 00:00:00,1.38,,0.6299999999999999,,2.9945999999999997,,,1.0520999999999998,L001,P014,T14
120,2026-06-30 00:00:00,1.38,,0.6299999999999999,1.8,2.9945999999999997,,,1.0520999999999998,L001,P014,T14
130,2026-07-10 00:00:00,1.38,,0.6299999999999999,,2.9945999999999997,,,1.0520999999999998,L001,P014,T14
140,2026-07-20 00:00:00,1.38,,0.6299999999999999,,2.9945999999999997,,,1.0520999999999998,L001,P014,T14
150,2026-07-30 00:00:00,1.38,,0.6299999999999999,,2.9945999999999997,,,1.0520999999999998,L001,P014,T14
160,2026-08-09 00:00:00,0.23,,0.6,,0.4991,,,1.002,L001,P014,T14
170,2026-08-19 00:00:00,0.23,,0.6,,0.4991,,,1.002,L001,P014,T14
180,2026-08-29 00:00:00,0.23,,0.6,,0.4991,,,1.002,L001,P014,T14
190,2026-09-08 00:00:00,0.23,,0.6,,0.4991,,,1.002,L001,P014,T14
200,2026-09-18 00:00:00,0.23,,0.6,,0.4991,,,1.002,L001,P014,T14
210,2026-09-28 00:00:00,0.23,,0.6,,0.4991,,,1.002,L001,P014,T14
220,2026-10-08 00:00:00,0.23,,0.6,,0.4991,,,1.002,L001,P014,T14
230,2026-10-18 00:00:00,0.23,,0.6,,0.4991,,,1.002,L001,P014,T14
240,2026-10-28 00:00:00,0.23,,0.6,,0.4991,,,1.002,L001,P014,T14
1,2026-03-02 00:00:00,3.4,8.6,,1.8,,,18.662,,L001,P028,T14
10,2026-03-12 00:00:00,,,,,,,,,L001,P028,T14
20,2026-03-22 00:00:00,,,,,,,,,L001,P028,T14
30,2026-04-01 00:00:00,,,,,,,,,L001,P028,T14
40,2026-04-11 00:00:00,1.06,0.3,0.26999999999999996,,2.3,0.49199999999999994,,0.4508999999999999,L001,P028,T14
50,2026-04-21 00:00:00,1.06,0.3,0.26999999999999996,,2.3,0.49199999999999994,,0.4508999999999999,L001,P028,T14
60,2026-05-01 00:00:00,1.06,0.3,0.26999999999999996,,2.3,0.49199999999999994,,0.4508999999999999,L001,P028,T14
70,2026-05-11 00:00:00,1.06,0.3,0.26999999999999996,,2.3,0.49199999999999994,,0.4508999999999999,L001,P028,T14
80,2026-05-21 00:00:00,1.06,0.3,0.26999999999999996,,2.3,0.49199999999999994,,0.4508999999999999,L001,P028,T14
90,2026-05-31 00:00:00,1.06,0.3,0.26999999999999996,,2.3,0.49199999999999994,,0.4508999999999999,L001,P028,T14
100,2026-06-10 00:00:00,1.38,,0.6299999999999999,,2.9945999999999997,,,1.0520999999999998,L001,P028,T14
110,2026-06-20 00:00:00,1.38,,0.6299999999999999,,2.9945999999999997,,,1.0520999999999998,L001,P028,T14
120,2026-06-30 00:00:00,1.38,,0.6299999999999999,1.8,2.9945999999999997,,,1.0520999999999998,L001,P028,T14
130,2026-07-10 00:00:00,1.38,,0.6299999999999999,,2.9945999999999997,,,1.0520999999999998,L001,P028,T14
140,2026-07-20 00:00:00,1.38,,0.6299999999999999,,2.9945999999999997,,,1.0520999999999998,L001,P028,T14
150,2026-07-30 00:00:00,1.38,,0.6299999999999999,,2.9945999999999997,,,1.0520999999999998,L001,P028,T14
160,2026-08-09 00:00:00,0.23,,0.6,,0.4991,,,1.002,L001,P028,T14
170,2026-08-19 00:00:00,0.23,,0.6,,0.4991,,,1.002,L001,P028,T14
180,2026-08-29 00:00:00,0.23,,0.6,,0.4991,,,1.002,L001,P028,T14
190,2026-09-08 00:00:00,0.23,,0.6,,0.4991,,,1.002,L001,P028,T14
200,2026-09-18 00:00:00,0.23,,0.6,,0.4991,,,1.002,L001,P028,T14
210,2026-09-28 00:00:00,0.23,,0.6,,0.4991,,,1.002,L001,P028,T14
220,2026-10-08 00:00:00,0.23,,0.6,,0.4991,,,1.002,L001,P028,T14
230,2026-10-18 00:00:00,0.23,,0.6,,0.4991,,,1.002,L001,P028,T14
240,2026-10-28 00:00:00,0.23,,0.6,,0.4991,,,1.002,L001,P028,T14
1,2026-03-02 00:00:00,0.72,1.83,,1.8,,,3.97,,L001,P003,T3
10,2026-03-12 00:00:00,,,,,,,,,L001,P003,T3
20,2026-03-22 00:00:00,,,,,,,,,L001,P003,T3
30,2026-04-01 00:00:00,,,,,,,,,L001,P003,T3
40,2026-04-11 00:00:00,0.52,0.3,0.1821825,,1.0002832000000001,0.49199999999999994,,0.30424477499999997,L001,P003,T3
50,2026-04-21 00:00:00,0.52,0.3,0.1821825,,1.0002832000000001,0.49199999999999994,,0.30424477499999997,L001,P003,T3
60,2026-05-01 00:00:00,0.52,0.3,0.1821825,,1.0002832000000001,0.49199999999999994,,0.30424477499999997,L001,P003,T3
70,2026-05-11 00:00:00,0.52,0.3,0.1821825,,1.0002832000000001,0.49199999999999994,,0.30424477499999997,L001,P003,T3
80,2026-05-21 00:00:00,0.52,0.3,0.1821825,,1.0002832000000001,0.49199999999999994,,0.30424477499999997,L001,P003,T3
90,2026-05-31 00:00:00,0.52,0.3,0.1821825,,1.0002832000000001,0.49199999999999994,,0.30424477499999997,L001,P003,T3
100,2026-06-10 00:00:00,0.732,,0.42509249999999993,,1.5884399999999999,,,0.7099044749999999,L001,P003,T3
110,2026-06-20 00:00:00,0.732,,0.42509249999999993,,1.5884399999999999,,,0.7099044749999999,L001,P003,T3
120,2026-06-30 00:00:00,0.732,,0.42509249999999993,1.8,1.5884399999999999,,,0.7099044749999999,L001,P003,T3
130,2026-07-10 00:00:00,0.732,,0.42509249999999993,,1.5884399999999999,,,0.7099044749999999,L001,P003,T3
140,2026-07-20 00:00:00,0.732,,0.42509249999999993,,1.5884399999999999,,,0.7099044749999999,L001,P003,T3
150,2026-07-30 00:00:00,0.732,,0.42509249999999993,,1.5884399999999999,,,0.7099044749999999,L001,P003,T3
160,2026-08-09 00:00:00,0.305,,0.40484999999999993,,0.663,,,0.6760994999999999,L001,P003,T3
170,2026-08-19 00:00:00,0.305,,0.40484999999999993,,0.663,,,0.6760994999999999,L001,P003,T3
180,2026-08-29 00:00:00,0.305,,0.40484999999999993,,0.663,,,0.6760994999999999,L001,P003,T3
190,2026-09-08 00:00:00,0.305,,0.40484999999999993,,0.663,,,0.6760994999999999,L001,P003,T3
200,2026-09-18 00:00:00,0.305,,0.40484999999999993,,0.663,,,0.6760994999999999,L001,P003,T3
210,2026-09-28 00:00:00,0.305,,0.40484999999999993,,0.663,,,0.6760994999999999,L001,P003,T3
220,2026-10-08 00:00:00,0.305,,0.40484999999999993,,0.663,,,0.6760994999999999,L001,P003,T3
230,2026-10-18 00:00:00,0.305,,0.40484999999999993,,0.663,,,0.6760994999999999,L001,P003,T3
240,2026-10-28 00:00:00,0.305,,0.40484999999999993,,0.663,,,0.6760994999999999,L001,P003,T3
1,2026-03-02 00:00:00,0.72,1.83,,1.8,,,3.97,,L001,P017,T3
10,2026-03-12 00:00:00,,,,,,,,,L001,P017,T3
20,2026-03-22 00:00:00,,,,,,,,,L001,P017,T3
30,2026-04-01 00:00:00,,,,,,,,,L001,P017,T3
40,2026-04-11 00:00:00,0.52,0.3,0.1821825,,1.0002832000000001,0.49199999999999994,,0.30424477499999997,L001,P017,T3
50,2026-04-21 00:00:00,0.52,0.3,0.1821825,,1.0002832000000001,0.49199999999999994,,0.30424477499999997,L001,P017,T3
60,2026-05-01 00:00:00,0.52,0.3,0.1821825,,1.0002832000000001,0.49199999999999994,,0.30424477499999997,L001,P017,T3
70,2026-05-11 00:00:00,0.52,0.3,0.1821825,,1.0002832000000001,0.49199999999999994,,0.30424477499999997,L001,P017,T3
80,2026-05-21 00:00:00,0.52,0.3,0.1821825,,1.0002832000000001,0.49199999999999994,,0.30424477499999997,L001,P017,T3
90,2026-05-31 00:00:00,0.52,0.3,0.1821825,,1.0002832000000001,0.49199999999999994,,0.30424477499999997,L001,P017,T3
100,2026-06-10 00:00:00,0.732,,0.42509249999999993,,1.5884399999999999,,,0.7099044749999999,L001,P017,T3
110,2026-06-20 00:00:00,0.732,,0.42509249999999993,,1.5884399999999999,,,0.7099044749999999,L001,P017,T3
120,2026-06-30 00:00:00,0.732,,0.42509249999999993,1.8,1.5884399999999999,,,0.7099044749999999,L001,P017,T3
130,2026-07-10 00:00:00,0.732,,0.42509249999999993,,1.5884399999999999,,,0.7099044749999999,L001,P017,T3
140,2026-07-20 00:00:00,0.732,,0.42509249999999993,,1.5884399999999999,,,0.7099044749999999,L001,P017,T3
150,2026-07-30 00:00:00,0.732,,0.42509249999999993,,1.5884399999999999,,,0.7099044749999999,L001,P017,T3
160,2026-08-09 00:00:00,0.305,,0.40484999999999993,,0.663,,,0.6760994999999999,L001,P017,T3
170,2026-08-19 00:00:00,0.305,,0.40484999999999993,,0.663,,,0.6760994999999999,L001,P017,T3
180,2026-08-29 00:00:00,0.305,,0.40484999999999993,,0.663,,,0.6760994999999999,L001,P017,T3
190,2026-09-08 00:00:00,0.305,,0.40484999999999993,,0.663,,,0.6760994999999999,L001,P017,T3
200,2026-09-18 00:00:00,0.305,,0.40484999999999993,,0.663,,,0.6760994999999999,L001,P017,T3
210,2026-09-28 00:00:00,0.305,,0.40484999999999993,,0.663,,,0.6760994999999999,L001,P017,T3
220,2026-10-08 00:00:00,0.305,,0.40484999999999993,,0.663,,,0.6760994999999999,L001,P017,T3
230,2026-10-18 00:00:00,0.305,,0.40484999999999993,,0.663,,,0.6760994999999999,L001,P017,T3
240,2026-10-28 00:00:00,0.305,,0.40484999999999993,,0.663,,,0.6760994999999999,L001,P017,T3
